aeroG,"Biz/tech/science here. Aviation/space/astronomy @AeroTweets. Also @FortBendHouston @DesignTweets. Aerospace engineer, researcher & entrepreneur [affiliate link]","Houston, Texas",2930,2175,77558,3,"Four years ago I wrote a book that predicated #Walmart &amp; #Target would follow the #Alibaba New Retail Ecosystem model.  Few believed it.  Well, here it is, as we predicted and mapped it.  Building grocery, adding financial services, delivery, marketplace, advertising, technology https://t.co/8Sc8ethXw4","['Walmart', 'Target', 'Alibaba']"
SwardJeff,CEO Merchandising Metrics. @RetailWire Brain Trust. Consulting on PROBABILITY Planning + POSSIBILITY Merchandising. Recently in China for 14 months.,"Amherst, MA",2235,1491,4963,3,"Four years ago I wrote a book that predicated #Walmart &amp; #Target would follow the #Alibaba New Retail Ecosystem model.  Few believed it.  Well, here it is, as we predicted and mapped it.  Building grocery, adding financial services, delivery, marketplace, advertising, technology https://t.co/8Sc8ethXw4","['Walmart', 'Target', 'Alibaba']"
therealest007,A girl from the swamp that likes to talk #Fashion #Sports! #Model #NFL TV/Radio https://t.co/TKFttEFdJp #FashionTech #Sustainability #VC #Fitness #runway to #podcasts,Fashion Nation,1604,2326,234159,3,"Four years ago I wrote a book that predicated #Walmart &amp; #Target would follow the #Alibaba New Retail Ecosystem model.  Few believed it.  Well, here it is, as we predicted and mapped it.  Building grocery, adding financial services, delivery, marketplace, advertising, technology https://t.co/8Sc8ethXw4","['Walmart', 'Target', 'Alibaba']"
michaelzakkour,"Founder of '5 NEW DIGITAL' a Digital Commerce/New Retail firm. Author of ""The New Retail"" & ""China's Super Consumer""- â€œRethink Retailâ€Top Global Influencer 2022",New York,2932,2999,16884,3,"Four years ago I wrote a book that predicated #Walmart &amp; #Target would follow the #Alibaba New Retail Ecosystem model.  Few believed it.  Well, here it is, as we predicted and mapped it.  Building grocery, adding financial services, delivery, marketplace, advertising, technology https://t.co/8Sc8ethXw4","['Walmart', 'Target', 'Alibaba']"
jfeliciano4271,,"Palm Harbor, FL",59,13,5,0,Got the new Walmart InHome service and for some reason the delivery person left my groceries outside my home 2 times in a row !! Not happy. #walmart #walmartinhome,"['walmart', 'walmartinhome']"
jploftsolutions,"ğŸ‘©â€ğŸ’» Website Development
ğŸ® Game Development
ğŸ“±App development
ğŸŒ Digital Marketing
ğŸ›ï¸ğŸ›’ E-Commerce Solutions

Call: +91-8690595812, +1-913-871-6446",worldwide,47,267,725,0,"Take Your Grocery Business Online like Instacart and Walmart

We provide customized grocery app development solutions like #Instacart and #Walmart

Visit - https://t.co/L6a53JZhwG

#grocerydelivery  #businessgrowth #technology #grocerybusiness #grocerystore #onlinebusiness https://t.co/i3xYsmXmce","['Instacart', 'Walmart', 'grocerydelivery', 'businessgrowth', 'technology', 'grocerybusiness', 'grocerystore', 'onlinebusiness']"
Cattt624,â¤my sons & Doxies. I donâ€™t suffer anti-opiate zealot fools lightlyâ€”Iâ€™m tired of ur lies ruining innocent lives. #Atheist #EDS #Dysautonomia #AS #StrokeSurvivor,Body: Idiocracy, â¤ï¸: Asheville,3096,3092,10059,0,"occurred: after I spent forever finding what I cld afford &amp; was available for shipping, once I add to cart, itâ€™s switched to unavailable for shipping &amp; only for pick up/delivery! I only need 2 items (for TG!) worth $12, &amp; canâ€™t get them shipped. Whatâ€™s pt of #Walmart+, again? 2/2"
lavonika,"So Below , As Above âœ¨SHOW the UNIVERSE the LOVE it NEEDS , while YOU LIVE your LIFE of NOBLE DEEDSâœ¨",@ the DISCOâ—ï¸follow me on â¬‡,1167,1120,4240,0,"#ShelterLogic MaxAP 10â€™ x 20â€™ gazebo canopy. @FingerhutTweets  charging $359.99 plus interest, but PAYMENTS as low as $33.99 per month!! #Walmart charging $229.06, free delivery. Same exact item but canâ€™t decide what company to purchase it from. Any suggestions?? https://t.co/8Lx7wxUKkr","['ShelterLogic', 'Walmart']"
Dumidu_bnb,Crypto trader,,20,7,11,1,"#WalmartÂ #TencentÂ (5.3%)
#Tigerglobal(4.1%)#BinnyBansalÂ #CPPIBÂ (2.2%)#SoftBankHAWKS GroupÂ #QIAÂ #MicrosoftÂ 
#accel what kind of invest they can't do the 10 $delivery on time such a waste of time https://t.co/Wou5uOWJKy","['Walmart', 'Tencent', 'Tigerglobal', 'BinnyBansal', 'CPPIB', 'SoftBankHAWKS', 'QIA', 'Microsoft', 'accel']"
EmmaOliviajj,SEO &  Marketing Expert at Vouchers Portal US.,New York,3,1,42,0,"Walmart Promo Code - Black Friday Sale! Shop &amp; Enjoy Up To 50% OFF On Sale Items + FREE Delivery
OFFER URL ğŸ‘‡
https://t.co/Rv6gDToM3R

#vouchersportalus #couponscode #promo #promotion #promocode #offers #deals  #online #onlineshopping #walmart #bonobos #fielder #usa #unitedstates https://t.co/lR2AeoU12T","['vouchersportalus', 'couponscode', 'promo', 'promotion', 'promocode', 'offers', 'deals', 'online', 'onlineshopping', 'walmart', 'bonobos', 'fielder', 'usa', 'unitedstates']"
NikkiCo04351208,"Samoan/native American, 1984 from Indiana, live in sc, single mom of 4. owner of Kekoa customs, influencer, marvel/DC nerd, meme queen & nurse #1. Elon musk fan","Seneca, SC",1895,406,1418,0,Wow now I completely understand why nobody wants to use @Walmart app. I've made 5 orders this month and every single 1 has been #canceled by the #Seneca #SouthCarolina #Walmart I made an order yesterday for delivery today at 3pm it's still not here ğŸ¤” cancel subscription âœŒï¸,"['canceled', 'Seneca', 'SouthCarolina', 'Walmart']"
nerdharder88,Arkansas - TV & Movies - Comic Books & Toys - TESD - Xbox Gamer - My LinksğŸ‘‡,"Arkansas, USA",576,439,4142,0,"@walmart @WalmartSparkers and this makes $18 so far this week ğŸ¤¬

#walmart #spark #walmartspark #gig #delivery #driver #tip #bait #tipbaiting https://t.co/qXRbwvQoKl","['walmart', 'spark', 'walmartspark', 'gig', 'delivery', 'driver', 'tip', 'bait', 'tipbaiting']"
nerdharder88,Arkansas - TV & Movies - Comic Books & Toys - TESD - Xbox Gamer - My LinksğŸ‘‡,"Arkansas, USA",576,439,4142,0,"@Walmart @WalmartSparkers got taken for another $4 yesterday. That makes $8 so far this week. Sleet/rain yesterday makes it even worse. ğŸ¤¬

#walmart #spark #walmartspark #delivery #driver #gig #tip #bait #tipbaiting https://t.co/XXOCNwXqyh","['walmart', 'spark', 'walmartspark', 'delivery', 'driver', 'gig', 'tip', 'bait', 'tipbaiting']"
nerdharder88,Arkansas - TV & Movies - Comic Books & Toys - TESD - Xbox Gamer - My LinksğŸ‘‡,"Arkansas, USA",576,439,4142,0,"@walmart @WalmartSparkers another bait and switch ğŸ¤¬

#walmart #spark #walmartspark #delivery #driver #gig #tip #bait #tipbaiting https://t.co/QHwbAIgDey","['walmart', 'spark', 'walmartspark', 'delivery', 'driver', 'gig', 'tip', 'bait', 'tipbaiting']"
gennpooh,Teal stage 3 Ovarian Cancer Survivor Since 4/8/2011 But GOD! https://t.co/l0PWn9wv0xâ€¦,"Alabama, USA",1105,709,32573,0,"My personal experience:
Do Not schedule your @Walmart grocery delivery for a PM delivery. 
Been waiting 3 hours and counting! 
Time to cancel my #Walmart+membership!",['Walmart']
littlefoxbat,,,75,20,34,0,Do not ever make the mistake of ordering groceries for delivery from @Walmart. HORRIBLE experience. #walmart #walmartgrocery,"['walmart', 'walmartgrocery']"
skpanwala,,"Toronto, Ontario",491,67,15,0,"#walmartBlackFriday #Walmart this is bullshit...you show a different delivery date before checkout and after checkout...you have different delivery dates and that is 20 days apart...
#walmartExclusive #walton #waltonfamily #taintonimage","['walmartBlackFriday', 'Walmart', 'walmartExclusive', 'walton', 'waltonfamily', 'taintonimage']"
swiperight10,I am proud I have no followers on Twitter and I donâ€™t have a blue check mark. That means I can exercise my right to free speech and no one pays to reach me.,,10,2,2497,0,"@AmazonHelp Weâ€™ve also experienced an increase in Prime order delivery delays. Less and less orders are meeting the 2 day window for Prime and an increase number of delayed deliveries. Many of us left eBay when this happened, and now we are opting for #Walmart as our default online store.",['Walmart']
KristenD0819,"MS Warrior ğŸ§¡ 
HATE Trumpism & scammers! 
NO you can't have my credit card info to help me financially!ğŸ–•
I support ğŸ³â€ğŸŒˆğŸ³â€âš§ & BLM
Love all things #90DayFiance","North Carolina, USA",278,130,3244,0,"On Friday I placed an order with #Walmart+ for groceries for the next two weeks.
I placed the order on the 10th for same day delivery. Today I got an emails stating my order has been canceled, 5 days later!! Needless to say they didn't deliver. 
#walmart https://t.co/xRCd3MhA9i","['Walmart', 'walmart']"
ramirezjoseph24,,,138,11,689,0,@Walmart @WalmartInc @WalmartOrg @walmarthelp #walmart+ #walmartBlackFriday  #donate quick delivery ğŸ“¦ ğŸ™ the kids at my childâ€™s ğŸ« school are going to be happy. Walmart+early BlackFriday access 1 toy for each preschool student for Xmas in both prek classes. Wish I could do more. https://t.co/mIgNbRLxfq,"['walmart', 'walmartBlackFriday', 'donate']"
SolKristaK,"Patriot, Sky Watcher, Retired Disabled Nurse, 2nd acct- Illegally Suspended.Pureblood, say No to Big Pharma.Chemtrails .ğŸ‡ºğŸ‡²ğŸ‡ºğŸ‡²ğŸ™ğŸ™ğŸ¦‹ğŸ¦‹ğŸˆâ€â¬›",SoCal,781,234,2875,0,"#Walmart
You need to do better with delivery! Blocking my door with a 20 pound bag of cat food! being disabled with a bad back this is unacceptable. Canâ€™t even get through to customer service. Wish I had more options. Second 20 pound bag supposedly delivered at 6:30 PM. Nope. https://t.co/K2gi6XElcp",['Walmart']
