EmmaAva29,"Hi, I am Emma Ava. I have many free Walmart gift card. If you get free Walmart gift card for inbox me, Or Click my website. #walmart #walmartgiftcard #alloffer",New York,52,6,23,0,"Get a Free Walmart Gift Card Code Generator!! How To Get Free Walmart Gift Card is Real Method!
âœ… Please visit my Blog- https://t.co/ivk9Y133VJ 
âœ… Free Get Offer- https://t.co/voffplqrQF  
#walmartgiftcard #giveaways #walmartgiftcards https://t.co/lFB11A8bPO","['walmartgiftcard', 'giveaways', 'walmartgiftcards']"
walmart_newss,Get $750 Walmart gift cards it is $100 % Free,united states,87,21,216,1,"Walmart  $750 Gift card Giveaway-check bio
#walmartgiftcard  #walmartfreegiftcard #giftcardoffer  #love #handmade #walmartgiftcards #walmart #target #walmartfinds #couponcommunity #walmartdeals #walmartclearance #couponing #clearance #extremecouponing #coupons #deals #USA https://t.co/VgipPcXeuH","['walmartgiftcard', 'walmartfreegiftcard', 'giftcardoffer', 'love', 'handmade']"
walmart_newss,Get $750 Walmart gift cards it is $100 % Free,united states,87,21,216,1,"Walmart  $750 Gift card Giveaway-check bio
#walmartgiftcard  #walmartfreegiftcard #giftcardoffer  #love #handmade #walmartgiftcards #walmart #target #walmartfinds #couponcommunity #walmartdeals #walmartclearance #couponing #clearance #extremecouponing #coupons #deals #USA https://t.co/VgipPcXeuH","['walmartgiftcard', 'walmartfreegiftcard', 'giftcardoffer', 'love', 'handmade', 'walmartgiftcards', 'walmart', 'target', 'walmartfinds', 'couponcommunity', 'walmartdeals', 'walmartclearance', 'couponing', 'clearance', 'extremecouponing', 'coupons', 'deals', 'USA']"
LunaElla18,I have an accurately working Free any Gift Card Code that follows al the rules. So please try your luck. #walmartgiftcard #giveaways #walmartgiftcards #alloffer,New York,230,15,45,0,"How to get a free 500 walmart gift cards free walmart gift cards no participation required free 100 walmart gift cards.
Visit my Blog- https://t.co/7q6ev7w7ig
Free Get Offer-  https://t.co/5u86rbYTda
#walmartgiftcard #giveaways #walmartgiftcards #giftcard  #walmartgiftcardoffer https://t.co/Yz8qIE3raI","['walmartgiftcard', 'giveaways', 'walmartgiftcards', 'giftcard', 'walmartgiftcardoffer']"
ArcGiftcard,"Your Chance to get $750 to your Cash App Account!

#cashapp #750cashapp #cashapp750 ##reward #free #win #crypto #bitcoin #",,65,22,38,0,"Your Chance to win $100 walmart gift cards
ğŸ”¥ CLICK THE LINKğŸ‘‡
ğŸ‘‰https://t.co/MhYxXPdTxA

#giftcards #giveaway #free #walmartgiftcards #giftcardgiveaway #amazon #roblox #win #chirstmas #BlackFriday #Bhediya #USA #California https://t.co/UHiNTTeXSD","['giftcards', 'giveaway', 'free', 'walmartgiftcards', 'giftcardgiveaway', 'amazon', 'roblox', 'win', 'chirstmas', 'BlackFriday', 'Bhediya', 'USA', 'California']"
frankKa63538434,"#Free #walmart gift card code genrator
ğŸ‘‡ğŸ‘‡GET THE OFFER TOTALLY FREEğŸ‘‡ğŸ‘‡
 #bitcoin #free #giftcard #crypto # #money #trading  #win",,92,46,37,0,"Your Chance to win $100 walmart gift cards
ğŸ”¥ CLICK THE LINKğŸ‘‡
ğŸ‘‰https://t.co/7Wt8T26gLh

#giftcards #giveaway #free #walmartgiftcards #giftcardgiveaway #amazon #roblox #win #chirstmas #BlackFriday #Bhediya #USA #California https://t.co/WzCATLFD5r","['giftcards', 'giveaway', 'free', 'walmartgiftcards', 'giftcardgiveaway', 'amazon', 'roblox', 'win', 'chirstmas', 'BlackFriday', 'Bhediya', 'USA', 'California']"
EmmaMeg93325208,"Your Chance to get $750 to your #cashapp Account!.

#crypto #bitcoin #cashappmoneygenerator #giveaway",,154,4,41,0,"Your Chance to win $100 walmart gift cards
ğŸ”¥ CLICK THE LINKğŸ‘‡
ğŸ‘‰https://t.co/Heyj4yuIW7

#giftcards #giveaway #free #walmartgiftcards #giftcardgiveaway #amazon #roblox #win #chirstmas #BlackFriday #Bhediya #USA #California https://t.co/lR8NCC8IW6","['giftcards', 'giveaway', 'free', 'walmartgiftcards', 'giftcardgiveaway', 'amazon', 'roblox', 'win', 'chirstmas', 'BlackFriday', 'Bhediya', 'USA', 'California']"
Anthony64303495,"Get a $100 #walmart #giftcard!

ğŸ‘‡ğŸ‘‡GET THE OFFER TOTALLY FREEğŸ‘‡ğŸ‘‡

#win #walmartgiftcards #success #crypto #bitcoin #free",,54,14,51,0,"Your Chance to get $100 walmart gift cards
ğŸ”¥ CLICK THE LINKğŸ‘‡
ğŸ‘‰https://t.co/TkScTHp2QQ

#giftcards #giveaway #free #walmartgiftcards #giftcardgiveaway #amazon #roblox #win #chirstmas #BlackFriday #Bhediya #USA https://t.co/nuln6lyF4h","['giftcards', 'giveaway', 'free', 'walmartgiftcards', 'giftcardgiveaway', 'amazon', 'roblox', 'win', 'chirstmas', 'BlackFriday', 'Bhediya', 'USA']"
AmandaS78118255,"ğŸ‘‘Free #cashapp Money generator  ğŸ˜ğŸ‘‘
ğŸ‘‡ğŸ‘‡ğğğ¥ğ¨ğ° ğ‹ğ¢ğ§ğ¤ğŸ‘‡ğŸ‘‡",,166,24,64,0,"Your Chance to get $100 walmart gift cards
ğŸ”¥ CLICK THE LINKğŸ‘‡
ğŸ‘‰https://t.co/1GsTsLVcNa

#giftcards #giveaway #free #walmartgiftcards #giftcardgiveaway #amazon #roblox #win #chirstmas #BlackFriday #Bhediya #USA https://t.co/v9iozef0eB","['giftcards', 'giveaway', 'free', 'walmartgiftcards', 'giftcardgiveaway', 'amazon', 'roblox', 'win', 'chirstmas', 'BlackFriday', 'Bhediya', 'USA']"
AmandaS78118255,"ğŸ‘‘Free #cashapp Money generator  ğŸ˜ğŸ‘‘
ğŸ‘‡ğŸ‘‡ğğğ¥ğ¨ğ° ğ‹ğ¢ğ§ğ¤ğŸ‘‡ğŸ‘‡",,166,24,64,0,"See this Instagram photo by @amandasmith100781 https://t.co/C2drv4PNHg 

#instgram #walmart #giftcards #walmartgiftcards","['instgram', 'walmart', 'giftcards', 'walmartgiftcards']"
Store1Usa,Are you searching for online unconditional gift vouchers then you are at the perfect locations here you will find a wide range of online gift vouchers so if it',USA,36,1,2,0,"Enter for a $100 Walmart Gift Card!
Enter your information now for a chance to win.

Please check my link
https://t.co/Yae4FBWduj

#getawalmartgiftcard #walmartgiftcard #freewalmartgiftcard #walmartgiftcards #getfreewalmartgiftcardwalmart #walmartExclusive #Walmart https://t.co/4L2acRAyxz","['getawalmartgiftcard', 'walmartgiftcard', 'freewalmartgiftcard', 'walmartgiftcards', 'getfreewalmartgiftcardwalmart', 'walmartExclusive', 'Walmart']"
