news_cutter,Trusted News Brand in Sri Lanka,,4,2349,7944,0,"Walmart manager opens fire in break room

 https://t.co/TlifD1atYw

#walmart",['walmart'],2021-10-04 17:45:19+00:00
amphitritia2,,Neptune,714,229,19399,23,"In a healthy, safe country, you should be able to go to a school, a house of worship, the mall, the movies, a grocery store, a club, a parade, a hospital -- be in public, 

without getting killed in a mass shooting. 

#Chesapeake #walmart #ColoradoSprings #Virginia 
#GunReformNow",[],2018-06-10 13:13:51+00:00
ToddKunzTV,Anchor/Executive Producer ~ Eyewitness News 3 @News_3_Now ~ Local News 8 @localnews8 ~ KXPI Fox 5 ~ Eastern Idaho and Western Wyoming,"Idaho Falls, Idaho",1593,1632,30099,0,"#Walmart employee killed 6 people at #Virginia store, police say https://t.co/rABU06JwIQ","['Walmart', 'Virginia']",2012-02-03 21:34:08+00:00
gordon_riches,,,5113,4855,176420,348,"I hear people say they never thought that #GunViolence would impact them. I used to think the same way before I was shot in the throat. 

The reality is that none of us are immune.

Today, a #Walmart in #Virginia is trending. 

Tomorrow, it may be your Zip Code. #EnoughIsEnough",['GunViolence'],2015-07-27 07:33:33+00:00
MarciaHyatt6,"B.O.I. Born on Island....I am a Registered Nurse married to a Sea Captain..All Trump supporters will be blocked... I am a Texas Betocrat #Resist. #FBR.
#LevelUp",Galveston Texas ,4966,4117,117234,348,"I hear people say they never thought that #GunViolence would impact them. I used to think the same way before I was shot in the throat. 

The reality is that none of us are immune.

Today, a #Walmart in #Virginia is trending. 

Tomorrow, it may be your Zip Code. #EnoughIsEnough",['GunViolence'],2019-01-02 11:36:08+00:00
sandratxpeach,,,797,890,233237,348,"I hear people say they never thought that #GunViolence would impact them. I used to think the same way before I was shot in the throat. 

The reality is that none of us are immune.

Today, a #Walmart in #Virginia is trending. 

Tomorrow, it may be your Zip Code. #EnoughIsEnough",['GunViolence'],2015-04-06 04:58:40+00:00
cynical420,#Resistance. #FBR NAFO  #FELLAS,,6207,5924,205949,348,"I hear people say they never thought that #GunViolence would impact them. I used to think the same way before I was shot in the throat. 

The reality is that none of us are immune.

Today, a #Walmart in #Virginia is trending. 

Tomorrow, it may be your Zip Code. #EnoughIsEnough",['GunViolence'],2014-05-13 18:35:06+00:00
grmpamse,Canadian Grampa,,4967,3145,73084,379,".
This year there have already been more than 600 mass shootings in the USA... 
Now a #MassShooting in a #Walmart in #Virginia 

It will never stop as long as the @GOP and the @NRA protect the guns more than the people.

Fack the so-called ""Pro-Life"" #Republicans !

Chesapeake ğŸ˜” https://t.co/GSvSqfC6kR","['MassShooting', 'Walmart']",2020-06-30 18:20:40+00:00
amphitritia2,,Neptune,714,229,19399,28,"Wake up to the news of another mass shootingâ€¦.must be a Wednesday.  Did the well regulated militia defend us from tyranny at a local Walmart again?

#Walmart #GunReformNow",[],2018-06-10 13:13:51+00:00
Shoot_Me_Again,,,880,247,24985,833,#BREAKING Walmart employee at #Chesapeake #Virginia says his manager came into the break room and shot multiple employees #Walmart #walmartBlackFriday https://t.co/NLK5xFFCJl,"['BREAKING', 'Chesapeake', 'Virginia']",2009-12-02 18:52:52+00:00
HFWrose,"dig horror, scifi, music, comics, macs, & twisted humour. No dig: AS most ppl & drama. I make monsters to cope with chronic pain. I like my dogs better than ppl",Flesh prison Ontario Canada,113,119,4822,379,".
This year there have already been more than 600 mass shootings in the USA... 
Now a #MassShooting in a #Walmart in #Virginia 

It will never stop as long as the @GOP and the @NRA protect the guns more than the people.

Fack the so-called ""Pro-Life"" #Republicans !

Chesapeake ğŸ˜” https://t.co/GSvSqfC6kR","['MassShooting', 'Walmart']",2009-01-29 05:56:52+00:00
Abubaka23635327,"Graduate ğŸ–¤
Jobless â˜ºï¸
Poetry_LoveR ğŸ¥€
Middle Class ğŸŒ¼
Hopes âœ¨
DreamsğŸ¤•
Autumn ğŸ","Bahawalpur, Pakistan",1045,158,693,0,"Christmas in California 2021ğŸ„Christmas 2022 will look like the video in the link: 

https://t.co/wWrCD9iWSy

#Japan #Thanksgiving2022 #Spain #mikewhite #GERJPN #Andorâ€¯â€¯â€¯ #flacco #walmart #bluelock #DoctorWhoDay #Never #DaniellaPetersğ“ƒµ #BLACKPINK_BORNPINKâ€¯â€¯â€¯#FIFAWorldCup22 https://t.co/msOrptyzLT","['Japan', 'Thanksgiving2022', 'Spain', 'mikewhite', 'GERJPN', 'Andor', 'flacco', 'walmart', 'bluelock', 'DoctorWhoDay', 'Never', 'DaniellaPetersğ“ƒµ', 'BLACKPINK_BORNPINK', 'FIFAWorldCup22']",2020-06-20 07:13:05+00:00
mymindtweetsit,Him. ig: ItsMadMike,,336,1119,40270,1,"Rip to everyone ğŸ•Šï¸ğŸ–¤ yâ€™all be safe out there ğŸ˜§

Up to 10 people have been k*lled at a #Walmart store in #Chesapeake, #Virginia, after a g*nman - believed to be the store manager - opened fire just days before #Thanksgiving. https://t.co/1fICULv9pg","['Walmart', 'Chesapeake']",2019-01-01 02:13:14+00:00
Abubaka23635327,"Graduate ğŸ–¤
Jobless â˜ºï¸
Poetry_LoveR ğŸ¥€
Middle Class ğŸŒ¼
Hopes âœ¨
DreamsğŸ¤•
Autumn ğŸ","Bahawalpur, Pakistan",1045,158,693,0,"Christmas in California 2021ğŸ„Christmas 2022 will look like the video in the link: 

https://t.co/wWrCD9iWSy

#Japan #Thanksgiving2022 #Spain #mikewhite #GERJPN #Andorâ€¯â€¯â€¯ #flacco #walmart #bluelock #DoctorWhoDay #Never #DaniellaPetersğ“ƒµ #BLACKPINK_BORNPINKâ€¯â€¯â€¯#FIFAWorldCup22 https://t.co/zHmv4YlVQc","['Japan', 'Thanksgiving2022', 'Spain', 'mikewhite', 'GERJPN', 'Andor', 'flacco', 'walmart', 'bluelock', 'DoctorWhoDay', 'Never', 'DaniellaPetersğ“ƒµ', 'BLACKPINK_BORNPINK', 'FIFAWorldCup22']",2020-06-20 07:13:05+00:00
MelissaWillia30,Freelance Marketing Strategist,"Portland, OR",206,8,75,0,"@WalmartInc Take action Walmart. Stop selling guns in your stores. #Chesapeakevirginia 
#walmartvirginia #walmartBlackFriday #walmart","['Chesapeakevirginia', 'walmartvirginia', 'walmartBlackFriday', 'walmart']",2011-12-28 19:00:17+00:00
JaniceFinnerin,"Crohn's Disease, Lupus, Fibro, Migraines, CPPD, Arthritis, Interstitial Cystitis and Psoriasis. #PAINWARARIOR, Married 38 Years. Proud Mom and Grandma.",Central Oregon,3124,3194,32242,0,"@Walmart Why are #WalmartShootings so ripe to happen? We have had them here and honestly, I avoid going to #Walmart for this reason.","['WalmartShootings', 'Walmart']",2011-07-14 22:38:59+00:00
Abubaka23635327,"Graduate ğŸ–¤
Jobless â˜ºï¸
Poetry_LoveR ğŸ¥€
Middle Class ğŸŒ¼
Hopes âœ¨
DreamsğŸ¤•
Autumn ğŸ","Bahawalpur, Pakistan",1045,158,693,0,"Christmas in California 2021ğŸ„Christmas 2022 will look like the video in the link: 

https://t.co/wWrCD9iWSy

#Japan #Thanksgiving2022 #Spain #mikewhite #GERJPN #Andorâ€¯â€¯â€¯ #flacco #walmart #bluelock #DoctorWhoDay #Never #DaniellaPetersğ“ƒµ #BLACKPINK_BORNPINKâ€¯â€¯â€¯#FIFAWorldCup22 https://t.co/kZEhUX9TmP","['Japan', 'Thanksgiving2022', 'Spain', 'mikewhite', 'GERJPN', 'Andor', 'flacco', 'walmart', 'bluelock', 'DoctorWhoDay', 'Never', 'DaniellaPetersğ“ƒµ', 'BLACKPINK_BORNPINK', 'FIFAWorldCup22']",2020-06-20 07:13:05+00:00
amphitritia2,,Neptune,714,229,19399,15,"https://t.co/V7VpffbxBF

Here are my thoughts:

1. STOP GIVING PEOPLE GUNS

2. NO, SERIOUSLY, STOP GIVING PEOPLE GUNS

#Walmart #Virginia #MassShooting #AbolishTheNRA #EnoughlsEnough #GunReformNow #GunControlNow #FireAbbottNotGuns #FireCruzNotGuns #BanAssaultWeapons",[],2018-06-10 13:13:51+00:00
Abubaka23635327,"Graduate ğŸ–¤
Jobless â˜ºï¸
Poetry_LoveR ğŸ¥€
Middle Class ğŸŒ¼
Hopes âœ¨
DreamsğŸ¤•
Autumn ğŸ","Bahawalpur, Pakistan",1045,158,693,0,"Christmas in California 2021ğŸ„Christmas 2022 will look like the video in the link: 

https://t.co/wWrCD9iWSy

#Japan #Thanksgiving2022 #Spain #mikewhite #GERJPN #Andorâ€¯â€¯â€¯ #flacco #walmart #bluelock #DoctorWhoDay #Never #DaniellaPetersğ“ƒµ #BLACKPINK_BORNPINKâ€¯â€¯â€¯#FIFAWorldCup22 https://t.co/QbIEqCmXHa","['Japan', 'Thanksgiving2022', 'Spain', 'mikewhite', 'GERJPN', 'Andor', 'flacco', 'walmart', 'bluelock', 'DoctorWhoDay', 'Never', 'DaniellaPetersğ“ƒµ', 'BLACKPINK_BORNPINK', 'FIFAWorldCup22']",2020-06-20 07:13:05+00:00
Abubaka23635327,"Graduate ğŸ–¤
Jobless â˜ºï¸
Poetry_LoveR ğŸ¥€
Middle Class ğŸŒ¼
Hopes âœ¨
DreamsğŸ¤•
Autumn ğŸ","Bahawalpur, Pakistan",1045,158,693,0,"Christmas in California 2021ğŸ„Christmas 2022 will look like the video in the link: 

https://t.co/wWrCD9iWSy

#Japan #Thanksgiving2022 #Spain #mikewhite #GERJPN #Andorâ€¯â€¯â€¯ #flacco #walmart #bluelock #DoctorWhoDay #Never #DaniellaPetersğ“ƒµ #BLACKPINK_BORNPINKâ€¯â€¯â€¯#FIFAWorldCup22 https://t.co/eVBKKen3T5","['Japan', 'Thanksgiving2022', 'Spain', 'mikewhite', 'GERJPN', 'Andor', 'flacco', 'walmart', 'bluelock', 'DoctorWhoDay', 'Never', 'DaniellaPetersğ“ƒµ', 'BLACKPINK_BORNPINK', 'FIFAWorldCup22']",2020-06-20 07:13:05+00:00
Abubaka23635327,"Graduate ğŸ–¤
Jobless â˜ºï¸
Poetry_LoveR ğŸ¥€
Middle Class ğŸŒ¼
Hopes âœ¨
DreamsğŸ¤•
Autumn ğŸ","Bahawalpur, Pakistan",1045,158,693,0,"Christmas in California 2021ğŸ„Christmas 2022 will look like the video in the link: 

https://t.co/wWrCD9iWSy

#Japan #Thanksgiving2022 #Spain #mikewhite #GERJPN #Andorâ€¯â€¯â€¯ #flacco #walmart #bluelock #DoctorWhoDay #Never #DaniellaPetersğ“ƒµ #BLACKPINK_BORNPINKâ€¯â€¯â€¯#FIFAWorldCup22 https://t.co/UQCJS8fMct","['Japan', 'Thanksgiving2022', 'Spain', 'mikewhite', 'GERJPN', 'Andor', 'flacco', 'walmart', 'bluelock', 'DoctorWhoDay', 'Never', 'DaniellaPetersğ“ƒµ', 'BLACKPINK_BORNPINK', 'FIFAWorldCup22']",2020-06-20 07:13:05+00:00
Abubaka23635327,"Graduate ğŸ–¤
Jobless â˜ºï¸
Poetry_LoveR ğŸ¥€
Middle Class ğŸŒ¼
Hopes âœ¨
DreamsğŸ¤•
Autumn ğŸ","Bahawalpur, Pakistan",1045,158,693,0,"Christmas in California 2021ğŸ„Christmas 2022 will look like the video in the link: 

https://t.co/wWrCD9iWSy

#Japan #Thanksgiving2022 #Spain #mikewhite #GERJPN #Andorâ€¯â€¯â€¯ #flacco #walmart #bluelock #DoctorWhoDay #Never #DaniellaPetersğ“ƒµ #BLACKPINK_BORNPINKâ€¯â€¯â€¯#FIFAWorldCup22 https://t.co/GL82DvRtXS","['Japan', 'Thanksgiving2022', 'Spain', 'mikewhite', 'GERJPN', 'Andor', 'flacco', 'walmart', 'bluelock', 'DoctorWhoDay', 'Never', 'DaniellaPetersğ“ƒµ', 'BLACKPINK_BORNPINK', 'FIFAWorldCup22']",2020-06-20 07:13:05+00:00
YearEightyThree,Black ğŸ‡ºğŸ‡¸,,1043,1269,36891,833,#BREAKING Walmart employee at #Chesapeake #Virginia says his manager came into the break room and shot multiple employees #Walmart #walmartBlackFriday https://t.co/NLK5xFFCJl,"['BREAKING', 'Chesapeake', 'Virginia']",2013-09-27 17:23:44+00:00
FidelisToJusti1,"Liberal. Democrat. Yankees, Jets, Knicks, StarTrek & Classic Rock. Blocked by Rudy Giuliani. #BLM #ONEV1 #ResistanceUnited  NO LISTS & NO DMs UNLESS I KNOW YOU!","Queens, NY",15020,15532,112190,37,"ğŸ§µ1/ More people will be absent from the family holiday dinner table.

A day after a mass shooting at an LGBTQ+ nightclub in Colorado, a shooter murders at least 6 people at a #WalMart in Virginia.

#WalmartShooting

#OneV1
#DemVoice1
#VoteBlueNotQ

https://t.co/x3m1jFVN7p",[],2016-12-04 03:11:25+00:00
AppleCiderRadio,"Reality is a three edged sword: your side, their side, and the truth.",Directly Above the Center of the Earth,2448,1688,129270,348,"I hear people say they never thought that #GunViolence would impact them. I used to think the same way before I was shot in the throat. 

The reality is that none of us are immune.

Today, a #Walmart in #Virginia is trending. 

Tomorrow, it may be your Zip Code. #EnoughIsEnough",['GunViolence'],2012-02-03 00:37:26+00:00
Abubaka23635327,"Graduate ğŸ–¤
Jobless â˜ºï¸
Poetry_LoveR ğŸ¥€
Middle Class ğŸŒ¼
Hopes âœ¨
DreamsğŸ¤•
Autumn ğŸ","Bahawalpur, Pakistan",1045,158,693,0,"Christmas in California 2021ğŸ„Christmas 2022 will look like the video in the link: 

https://t.co/wWrCD9iWSy

#Japan #Thanksgiving2022 #Spain #mikewhite #GERJPN #Andorâ€¯â€¯â€¯ #flacco #walmart #bluelock #DoctorWhoDay #Never #DaniellaPetersğ“ƒµ #BLACKPINK_BORNPINKâ€¯â€¯â€¯#FIFAWorldCup22 https://t.co/xtOialk7bm","['Japan', 'Thanksgiving2022', 'Spain', 'mikewhite', 'GERJPN', 'Andor', 'flacco', 'walmart', 'bluelock', 'DoctorWhoDay', 'Never', 'DaniellaPetersğ“ƒµ', 'BLACKPINK_BORNPINK', 'FIFAWorldCup22']",2020-06-20 07:13:05+00:00
StayWokePromos,Ignorance is a choice!,Manhattan,46,12,50,1,#StayWoke @ElonMusk #ViralTshirt #TwitterSpace #lonMusk #TheIRS #ChrisBrown (No. They want the Hat too!) #Prayers to those at #Walmart! #StayWokeBooks https://t.co/Wip9wI7mVa,"['StayWoke', 'ViralTshirt', 'TwitterSpace', 'lonMusk', 'TheIRS', 'ChrisBrown', 'Prayers']",2021-09-26 19:21:10+00:00
Abubaka23635327,"Graduate ğŸ–¤
Jobless â˜ºï¸
Poetry_LoveR ğŸ¥€
Middle Class ğŸŒ¼
Hopes âœ¨
DreamsğŸ¤•
Autumn ğŸ","Bahawalpur, Pakistan",1045,158,693,0,"Christmas in California 2021ğŸ„Christmas 2022 will look like the video in the link: 

https://t.co/wWrCD9iWSy

#Japan #Thanksgiving2022 #Spain #mikewhite #GERJPN #Andorâ€¯â€¯â€¯ #flacco #walmart #bluelock #DoctorWhoDay #Never #DaniellaPetersğ“ƒµ #BLACKPINK_BORNPINKâ€¯â€¯â€¯#FIFAWorldCup22 https://t.co/XVt6UuylhT","['Japan', 'Thanksgiving2022', 'Spain', 'mikewhite', 'GERJPN', 'Andor', 'flacco', 'walmart', 'bluelock', 'DoctorWhoDay', 'Never', 'DaniellaPetersğ“ƒµ', 'BLACKPINK_BORNPINK', 'FIFAWorldCup22']",2020-06-20 07:13:05+00:00
AnnaMills1953,"Book reviewer, rabid political opinionatrix/blue, failed Buddhist with anger issues, thrift store goddess",,4999,2974,188296,348,"I hear people say they never thought that #GunViolence would impact them. I used to think the same way before I was shot in the throat. 

The reality is that none of us are immune.

Today, a #Walmart in #Virginia is trending. 

Tomorrow, it may be your Zip Code. #EnoughIsEnough",['GunViolence'],2011-07-29 09:31:08+00:00
JeffLu88789190,pronouns : phi/zie/zer loyal to the foil,Canada,893,170,11677,14,"The propaganda isnâ€™t coded? This is the first detail? â€œMom please go Bidenâ€
Remember, this comes on the anniversary of the JFK assassination, and he was killed at age 46, whereas Biden is #46. Again, theyâ€™re the only two Catholic Presidents.
Catholic = 46
#Chesapeake #WalMart https://t.co/0uQQ6DIl7c",[],2020-04-23 06:03:34+00:00
KingWames,"Beatles, Ye, Kendrick, Travi$, Batman, Scorsese, Kubrick, A24, Simpsons, Sopranos, Seinfeld, NBA, Napoleon. PRAY4UKRAINE!ğŸ‡ºğŸ‡¦",Rosecrans Avenue,881,201,27990,833,#BREAKING Walmart employee at #Chesapeake #Virginia says his manager came into the break room and shot multiple employees #Walmart #walmartBlackFriday https://t.co/NLK5xFFCJl,"['BREAKING', 'Chesapeake', 'Virginia']",2022-06-04 05:21:37+00:00
StayWokePromos,Ignorance is a choice!,Manhattan,46,12,50,1,#StayWoke @ElonMusk #ViralTshirt #TwitterSpace #lonMusk #TheIRS #ChrisBrown (No. They want the Hat too!) #Prayers to those at #Walmart! #StayWokeBooks #Kanye #Trump2024 #Woke #Wokeness #Wokeland #WokeAF #WokeFascism https://t.co/kn5QPq48hD,"['StayWoke', 'ViralTshirt', 'TwitterSpace', 'lonMusk', 'TheIRS', 'ChrisBrown', 'Prayers']",2021-09-26 19:21:10+00:00
StayWokePromos,Ignorance is a choice!,Manhattan,46,12,50,1,#StayWoke @ElonMusk #ViralTshirt #TwitterSpace #ElonMusk #TheIRS #ChrisBrown (No. They want the Hat too!) #Prayers to those at #Walmart! #StayWokeBooks #Kanye #Trump2024 #Woke #Wokeness #Wokeland #WokeAF #WokeFascism https://t.co/n3RRCG6kD1,"['StayWoke', 'ViralTshirt', 'TwitterSpace', 'ElonMusk', 'TheIRS', 'ChrisBrown', 'Prayers']",2021-09-26 19:21:10+00:00
Abubaka23635327,"Graduate ğŸ–¤
Jobless â˜ºï¸
Poetry_LoveR ğŸ¥€
Middle Class ğŸŒ¼
Hopes âœ¨
DreamsğŸ¤•
Autumn ğŸ","Bahawalpur, Pakistan",1045,158,693,0,"Christmas in California 2021ğŸ„Christmas 2022 will look like the video in the link: 

https://t.co/wWrCD9iWSy

#Japan #Thanksgiving2022 #Spain #mikewhite #GERJPN #Andorâ€¯â€¯â€¯ #flacco #walmart #bluelock #DoctorWhoDay #Never #DaniellaPetersğ“ƒµ #BLACKPINK_BORNPINKâ€¯â€¯â€¯#FIFAWorldCup22 https://t.co/ewWdhuX1zM","['Japan', 'Thanksgiving2022', 'Spain', 'mikewhite', 'GERJPN', 'Andor', 'flacco', 'walmart', 'bluelock', 'DoctorWhoDay', 'Never', 'DaniellaPetersğ“ƒµ', 'BLACKPINK_BORNPINK', 'FIFAWorldCup22']",2020-06-20 07:13:05+00:00
Abubaka23635327,"Graduate ğŸ–¤
Jobless â˜ºï¸
Poetry_LoveR ğŸ¥€
Middle Class ğŸŒ¼
Hopes âœ¨
DreamsğŸ¤•
Autumn ğŸ","Bahawalpur, Pakistan",1045,158,693,0,"Christmas in California 2021ğŸ„Christmas 2022 will look like the video in the link: 

https://t.co/wWrCD9juI6

#Japan #Thanksgiving2022 #Spain #mikewhite #GERJPN #Andorâ€¯â€¯â€¯ #flacco #walmart #bluelock #DoctorWhoDay #Never #DaniellaPetersğ“ƒµ #BLACKPINK_BORNPINKâ€¯â€¯â€¯#FIFAWorldCup22 https://t.co/HaA3mExnQw","['Japan', 'Thanksgiving2022', 'Spain', 'mikewhite', 'GERJPN', 'Andor', 'flacco', 'walmart', 'bluelock', 'DoctorWhoDay', 'Never', 'DaniellaPetersğ“ƒµ', 'BLACKPINK_BORNPINK', 'FIFAWorldCup22']",2020-06-20 07:13:05+00:00
JaniMalik030764,3076400742,"Islamabad, Pakistan",17,37,1623,1,"walmart manager video
virginia walmart video
virginia walmart shooting video
Virginia shooting video
Chesapeake Walmart shooting video 
Chesa peake shooting video 
#Walmart #Chesapeake #Virginia #MassShooting  

ANDRE MARCUS BING shooting video ğŸ‘‡â­•ğŸ‘‡

https://t.co/e2c2K6zNAx",[],2022-10-17 17:59:43+00:00
Jittery10460753,,,349,172,1597,348,"I hear people say they never thought that #GunViolence would impact them. I used to think the same way before I was shot in the throat. 

The reality is that none of us are immune.

Today, a #Walmart in #Virginia is trending. 

Tomorrow, it may be your Zip Code. #EnoughIsEnough",['GunViolence'],2021-01-05 04:17:50+00:00
Abubaka23635327,"Graduate ğŸ–¤
Jobless â˜ºï¸
Poetry_LoveR ğŸ¥€
Middle Class ğŸŒ¼
Hopes âœ¨
DreamsğŸ¤•
Autumn ğŸ","Bahawalpur, Pakistan",1045,158,693,0,"Christmas in California 2021ğŸ„Christmas 2022 will look like the video in the link: 

https://t.co/wWrCD9iWSy

#Japan #Thanksgiving2022 #Spain #mikewhite #GERJPN #Andorâ€¯â€¯â€¯ #flacco #walmart #bluelock #DoctorWhoDay #Never #DaniellaPetersğ“ƒµ #BLACKPINK_BORNPINKâ€¯â€¯â€¯#FIFAWorldCup22 https://t.co/x2GBeOagbF","['Japan', 'Thanksgiving2022', 'Spain', 'mikewhite', 'GERJPN', 'Andor', 'flacco', 'walmart', 'bluelock', 'DoctorWhoDay', 'Never', 'DaniellaPetersğ“ƒµ', 'BLACKPINK_BORNPINK', 'FIFAWorldCup22']",2020-06-20 07:13:05+00:00
Fz_PakistanSays,,"Lahore, Pakistan",103,27,593,0,"ğŸ’”ğŸ‡ºğŸ‡¸
#Walmart #Chesapeake #Virginia 
#Mass shooting
No More Gun Violenceâ—
Almighty Lord Help Us All ğŸŒ https://t.co/d2zvuhIRfv","['Walmart', 'Chesapeake', 'Virginia', 'Mass']",2022-03-28 21:36:40+00:00
staywokebooks,"Ignorance is a choice!
(https://t.co/jkzdBRN0U1)",Harlem New York,117,36,61,1,#StayWoke @ElonMusk #ViralTshirt #TwitterSpace #ElonMusk #TheIRS #ChrisBrown (No. They want the Hat too!) #Prayers to those at #Walmart! #StayWokeBooks #Kanye #Trump2024 #Woke #Wokeness #Wokeland #WokeAF #WokeFascism https://t.co/n3RRCG6kD1,"['StayWoke', 'ViralTshirt', 'TwitterSpace', 'ElonMusk', 'TheIRS', 'ChrisBrown', 'Prayers', 'Walmart', 'StayWokeBooks', 'Kanye', 'Trump2024', 'Woke', 'Wokeness', 'Wokeland', 'WokeAF', 'WokeFascism']",2022-09-21 23:21:47+00:00
Abubaka23635327,"Graduate ğŸ–¤
Jobless â˜ºï¸
Poetry_LoveR ğŸ¥€
Middle Class ğŸŒ¼
Hopes âœ¨
DreamsğŸ¤•
Autumn ğŸ","Bahawalpur, Pakistan",1045,158,693,0,"Christmas in California 2021ğŸ„Christmas 2022 will look like the video in the link: 

https://t.co/wWrCD9iWSy

#Japan #Thanksgiving2022 #Spain #mikewhite #GERJPN #Andorâ€¯â€¯â€¯ #flacco #walmart #bluelock #DoctorWhoDay #Never #DaniellaPetersğ“ƒµ #BLACKPINK_BORNPINKâ€¯â€¯â€¯#FIFAWorldCup22 https://t.co/KE9UW4j5PV","['Japan', 'Thanksgiving2022', 'Spain', 'mikewhite', 'GERJPN', 'Andor', 'flacco', 'walmart', 'bluelock', 'DoctorWhoDay', 'Never', 'DaniellaPetersğ“ƒµ', 'BLACKPINK_BORNPINK', 'FIFAWorldCup22']",2020-06-20 07:13:05+00:00
cyndy_jt,"#knit 
we charge to accept prayers so don't send them if you're not paying -
cashapp is $CyndyJT
filed for disability","Washington, USA",8171,7458,55265,0,"Tax the ammo. Use the money for mental healthcare.
#massshooting #Walmart #GunReformNow","['massshooting', 'Walmart', 'GunReformNow']",2019-01-02 18:06:54+00:00
parisofprairie,"Host, Producer / RadioUninvited @WPKNradio @bobjonwpkn @StoicBrice @ArielNation2023 CoFounder, KickLight Productions",Chicago | New York ,8236,11379,4511,0,@mmpadellan Also @elonmusk - letâ€™s do something about the categorization here: #Walmart trending with #Virginia is NOT about Business &amp, Finance. https://t.co/gVkWiaslHy,"['Walmart', 'Virginia']"
SarahLCashman,"Democracy is worth fighting for. â€œEqual rights for others does not mean fewer rights for you. Itâ€™s not pieâ€ ğŸ™„ #Atheist, she/her, BLM, love is love ğŸ’œ","Cleveland, OH",3205,1335,37012,348,"I hear people say they never thought that #GunViolence would impact them. I used to think the same way before I was shot in the throat. 

The reality is that none of us are immune.

Today, a #Walmart in #Virginia is trending. 

Tomorrow, it may be your Zip Code. #EnoughIsEnough",['GunViolence'],2011-08-15 01:35:56+00:00
Abubaka23635327,"Graduate ğŸ–¤
Jobless â˜ºï¸
Poetry_LoveR ğŸ¥€
Middle Class ğŸŒ¼
Hopes âœ¨
DreamsğŸ¤•
Autumn ğŸ","Bahawalpur, Pakistan",1045,158,693,0,"Christmas in California 2021ğŸ„Christmas 2022 will look like the video in the link: 

https://t.co/wWrCD9juI6

#Japan #Thanksgiving2022 #Spain #mikewhite #GERJPN #Andorâ€¯â€¯â€¯ #flacco #walmart #bluelock #DoctorWhoDay #Never #DaniellaPetersğ“ƒµ #BLACKPINK_BORNPINKâ€¯â€¯â€¯#FIFAWorldCup22 https://t.co/BMlBH6IHNv","['Japan', 'Thanksgiving2022', 'Spain', 'mikewhite', 'GERJPN', 'Andor', 'flacco', 'walmart', 'bluelock', 'DoctorWhoDay', 'Never', 'DaniellaPetersğ“ƒµ', 'BLACKPINK_BORNPINK', 'FIFAWorldCup22']",2020-06-20 07:13:05+00:00
desperado_59,#BlueGirl in a hideous red state #FutureisFemale ğŸ‘©ğŸ¼â€ğŸ¦³ğŸ‘©ğŸ¼â€ğŸ“#TheResistance ğŸŒŠğŸŒŠğŸŒŠğŸŒŠ#BroncosCountry ğŸ’™ğŸ§¡ğŸ’™ğŸ§¡ #Idaho ğŸ•ğŸ”ğŸ¥” #BroncoNationğŸ’™ğŸ§¡ğŸ’™ğŸ§¡,"Eagle, ID",4359,3137,36413,0,"Why canâ€™t we do this for the greater good?
Along with background checks.. JFC!
#Walmart #BackgoundChecksNow  #BanAssaultWeaponsNow https://t.co/Za5K2JO3VD","['Walmart', 'BackgoundChecksNow', 'BanAssaultWeaponsNow']",2016-02-23 03:04:09+00:00
staywokebooks,"Ignorance is a choice!
(https://t.co/jkzdBRN0U1)",Harlem New York,117,36,61,1,#StayWoke @ElonMusk #ViralTshirt #TwitterSpace #lonMusk #TheIRS #ChrisBrown (No. They want the Hat too!) #Prayers to those at #Walmart! #StayWokeBooks #Kanye #Trump2024 #Woke #Wokeness #Wokeland #WokeAF #WokeFascism https://t.co/kn5QPq48hD,"['StayWoke', 'ViralTshirt', 'TwitterSpace', 'lonMusk', 'TheIRS', 'ChrisBrown', 'Prayers', 'Walmart', 'StayWokeBooks', 'Kanye', 'Trump2024', 'Woke', 'Wokeness', 'Wokeland', 'WokeAF', 'WokeFascism']",2022-09-21 23:21:47+00:00
Abubaka23635327,"Graduate ğŸ–¤
Jobless â˜ºï¸
Poetry_LoveR ğŸ¥€
Middle Class ğŸŒ¼
Hopes âœ¨
DreamsğŸ¤•
Autumn ğŸ","Bahawalpur, Pakistan",1045,158,693,0,"Christmas in California 2021ğŸ„Christmas 2022 will look like the video in the link: 

https://t.co/wWrCD9iWSy

#Japan #Thanksgiving2022 #Spain #mikewhite #GERJPN #Andorâ€¯â€¯â€¯ #flacco #walmart #bluelock #DoctorWhoDay #Never #DaniellaPetersğ“ƒµ #BLACKPINK_BORNPINKâ€¯â€¯â€¯#FIFAWorldCup22 https://t.co/iKhCjereqi","['Japan', 'Thanksgiving2022', 'Spain', 'mikewhite', 'GERJPN', 'Andor', 'flacco', 'walmart', 'bluelock', 'DoctorWhoDay', 'Never', 'DaniellaPetersğ“ƒµ', 'BLACKPINK_BORNPINK', 'FIFAWorldCup22']",2020-06-20 07:13:05+00:00
Abubaka23635327,"Graduate ğŸ–¤
Jobless â˜ºï¸
Poetry_LoveR ğŸ¥€
Middle Class ğŸŒ¼
Hopes âœ¨
DreamsğŸ¤•
Autumn ğŸ","Bahawalpur, Pakistan",1045,158,693,0,"Christmas in California 2021ğŸ„Christmas 2022 will look like the video in the link: 

https://t.co/wWrCD9iWSy

#Japan #Thanksgiving2022 #Spain #mikewhite #GERJPN #Andorâ€¯â€¯â€¯ #flacco #walmart #bluelock #DoctorWhoDay #Never #DaniellaPetersğ“ƒµ #BLACKPINK_BORNPINKâ€¯â€¯â€¯#FIFAWorldCup22 https://t.co/0Dc1lyadZ8","['Japan', 'Thanksgiving2022', 'Spain', 'mikewhite', 'GERJPN', 'Andor', 'flacco', 'walmart', 'bluelock', 'DoctorWhoDay', 'Never', 'DaniellaPetersğ“ƒµ', 'BLACKPINK_BORNPINK', 'FIFAWorldCup22']",2020-06-20 07:13:05+00:00
Abubaka23635327,"Graduate ğŸ–¤
Jobless â˜ºï¸
Poetry_LoveR ğŸ¥€
Middle Class ğŸŒ¼
Hopes âœ¨
DreamsğŸ¤•
Autumn ğŸ","Bahawalpur, Pakistan",1045,158,693,0,"Christmas in California 2021ğŸ„Christmas 2022 will look like the video in the link: 

https://t.co/wWrCD9iWSy

#Japan #Thanksgiving2022 #Spain #mikewhite #GERJPN #Andorâ€¯â€¯â€¯ #flacco #walmart #bluelock #DoctorWhoDay #Never #DaniellaPetersğ“ƒµ #BLACKPINK_BORNPINKâ€¯â€¯â€¯#FIFAWorldCup22 https://t.co/wFZfRTdZhQ","['Japan', 'Thanksgiving2022', 'Spain', 'mikewhite', 'GERJPN', 'Andor', 'flacco', 'walmart', 'bluelock', 'DoctorWhoDay', 'Never', 'DaniellaPetersğ“ƒµ', 'BLACKPINK_BORNPINK', 'FIFAWorldCup22']",2020-06-20 07:13:05+00:00
bowlofrice128,,,23,0,332,61,"#BREAKING Multiple people have been killed and wounded in a shooting at a #Walmart in Chesapeake, Virginia; authorities say the suspected shooter is also dead https://t.co/8ix9SIMpI5","['BREAKING', 'Walmart']",2021-11-16 06:07:44+00:00
Abubaka23635327,"Graduate ğŸ–¤
Jobless â˜ºï¸
Poetry_LoveR ğŸ¥€
Middle Class ğŸŒ¼
Hopes âœ¨
DreamsğŸ¤•
Autumn ğŸ","Bahawalpur, Pakistan",1045,158,693,0,"Christmas in California 2021ğŸ„Christmas 2022 will look like the video in the link: 

https://t.co/wWrCD9iWSy

#Japan #Thanksgiving2022 #Spain #mikewhite #GERJPN #Andorâ€¯â€¯â€¯ #flacco #walmart #bluelock #DoctorWhoDay #Never #DaniellaPetersğ“ƒµ #BLACKPINK_BORNPINKâ€¯â€¯â€¯#FIFAWorldCup22 https://t.co/oc7pVgfr26","['Japan', 'Thanksgiving2022', 'Spain', 'mikewhite', 'GERJPN', 'Andor', 'flacco', 'walmart', 'bluelock', 'DoctorWhoDay', 'Never', 'DaniellaPetersğ“ƒµ', 'BLACKPINK_BORNPINK', 'FIFAWorldCup22']",2020-06-20 07:13:05+00:00
Audrey00921,"#AmericaFirst; US Army Veteran; Proud American; Love my country, not my government.
Deleted Tweeter in 2021.  Back now to keep up with the war.",,88,16,881,1,"#chesapeakewalmart some shooting victimsâ€™ names per a former employee. Brian, Randy, Alonzo, Fernando. ğŸ•¯ Killed by disgruntled (ex?) manager Andre Bing. #walmart #chesapeake https://t.co/lh5s8b2Wmw",['chesapeakewalmart'],2022-02-26 14:28:49+00:00
AQ1Miller,,,54,253,111727,37,"SICK, SICK, SICK, SICK, SICK

When I escaped the bloodshed of Lebanon's civil war, I never thought American life would be MORE violent.

I grew up with guns and had military training, but the gun sickness in the U.S. is unlike anything else.

#ColoradoSprings #Walmart #Virginia",[],2011-06-16 04:19:16+00:00
staywokebooks,"Ignorance is a choice!
(https://t.co/jkzdBRN0U1)",Harlem New York,117,36,61,1,#StayWoke @ElonMusk #ViralTshirt #TwitterSpace #lonMusk #TheIRS #ChrisBrown (No. They want the Hat too!) #Prayers to those at #Walmart! #StayWokeBooks https://t.co/Wip9wI7mVa,"['StayWoke', 'ViralTshirt', 'TwitterSpace', 'lonMusk', 'TheIRS', 'ChrisBrown', 'Prayers', 'Walmart', 'StayWokeBooks']",2022-09-21 23:21:47+00:00
sandchair,"Designer, gardener, reader, beach lover, music lover and peace lover.",,4941,1099,268805,348,"I hear people say they never thought that #GunViolence would impact them. I used to think the same way before I was shot in the throat. 

The reality is that none of us are immune.

Today, a #Walmart in #Virginia is trending. 

Tomorrow, it may be your Zip Code. #EnoughIsEnough",['GunViolence'],2013-03-20 15:01:23+00:00
CrazyTrain2021,"â€œThe world will not be destroyed by those who do evil, but by those who watch them without doing anything.â€
 -Albert Einstein
Independent ğŸ‡ºğŸ‡¸",,3005,799,3473,833,#BREAKING Walmart employee at #Chesapeake #Virginia says his manager came into the break room and shot multiple employees #Walmart #walmartBlackFriday https://t.co/NLK5xFFCJl,"['BREAKING', 'Chesapeake', 'Virginia']",2020-10-30 06:26:58+00:00
Abubaka23635327,"Graduate ğŸ–¤
Jobless â˜ºï¸
Poetry_LoveR ğŸ¥€
Middle Class ğŸŒ¼
Hopes âœ¨
DreamsğŸ¤•
Autumn ğŸ","Bahawalpur, Pakistan",1045,158,693,0,"Christmas in California 2021ğŸ„Christmas 2022 will look like the video in the link: 

https://t.co/wWrCD9iWSy

#Japan #Thanksgiving2022 #Spain #mikewhite #GERJPN #Andorâ€¯â€¯â€¯ #flacco #walmart #bluelock #DoctorWhoDay #Never #DaniellaPetersğ“ƒµ #BLACKPINK_BORNPINKâ€¯â€¯â€¯#FIFAWorldCup22 https://t.co/Ch5ST2bYOi","['Japan', 'Thanksgiving2022', 'Spain', 'mikewhite', 'GERJPN', 'Andor', 'flacco', 'walmart', 'bluelock', 'DoctorWhoDay', 'Never', 'DaniellaPetersğ“ƒµ', 'BLACKPINK_BORNPINK', 'FIFAWorldCup22']",2020-06-20 07:13:05+00:00
PattyWi71761554,"Long life Democrat, Retired letter carrier, shop steward for 25 years, Gramma of 3, love walking on my treadmill.",,2433,1844,56255,348,"I hear people say they never thought that #GunViolence would impact them. I used to think the same way before I was shot in the throat. 

The reality is that none of us are immune.

Today, a #Walmart in #Virginia is trending. 

Tomorrow, it may be your Zip Code. #EnoughIsEnough",['GunViolence'],2012-08-18 14:41:12+00:00
Abubaka23635327,"Graduate ğŸ–¤
Jobless â˜ºï¸
Poetry_LoveR ğŸ¥€
Middle Class ğŸŒ¼
Hopes âœ¨
DreamsğŸ¤•
Autumn ğŸ","Bahawalpur, Pakistan",1045,158,693,0,"Christmas in California 2021ğŸ„Christmas 2022 will look like the video in the link: 

https://t.co/wWrCD9iWSy

#Japan #Thanksgiving2022 #Spain #mikewhite #GERJPN #Andorâ€¯â€¯â€¯ #flacco #walmart #bluelock #DoctorWhoDay #Never #DaniellaPetersğ“ƒµ #BLACKPINK_BORNPINKâ€¯â€¯â€¯#FIFAWorldCup22 https://t.co/valgVmcfVI","['Japan', 'Thanksgiving2022', 'Spain', 'mikewhite', 'GERJPN', 'Andor', 'flacco', 'walmart', 'bluelock', 'DoctorWhoDay', 'Never', 'DaniellaPetersğ“ƒµ', 'BLACKPINK_BORNPINK', 'FIFAWorldCup22']",2020-06-20 07:13:05+00:00
Audrey00921,"#AmericaFirst; US Army Veteran; Proud American; Love my country, not my government.
Deleted Tweeter in 2021.  Back now to keep up with the war.",,88,16,881,2,"#Chesapeake #Virginia #Walmart 

More info on the shooting:

- Andre Bing was â€œlaughingâ€ while shooting employees.  Reports say that he was â€œoffâ€ and picked on a lot.

- Unfortunately, a janitor named Brian, who had a development disability and loved by all,  was killed by Andre https://t.co/4pbL448BFE","['Chesapeake', 'Virginia', 'Walmart']",2022-02-26 14:28:49+00:00
VozMediaUSA,"EL MEDIO que comparte los verdaderos valores de los HISPANOS y que defiende con veracidad la libertad, la familia, el derecho a la vida y el sueÃ±o americano.","Dallas, Texas, USA",142,2406,5412,2,"Six people killed, four wounded in shooting at Chesapeake, Va. Walmart.
ğŸ‘‰ https://t.co/WfBvmcNDAr 

#Walmart #Chesapeake #Virginia #ChesapeakeWalmart https://t.co/7bI4EH99eX","['Walmart', 'Chesapeake']",2022-03-19 00:01:35+00:00
Abubaka23635327,"Graduate ğŸ–¤
Jobless â˜ºï¸
Poetry_LoveR ğŸ¥€
Middle Class ğŸŒ¼
Hopes âœ¨
DreamsğŸ¤•
Autumn ğŸ","Bahawalpur, Pakistan",1045,158,693,0,"Christmas in California 2021ğŸ„Christmas 2022 will look like the video in the link: 

https://t.co/wWrCD9iWSy

#Japan #Thanksgiving2022 #Spain #mikewhite #GERJPN #Andorâ€¯â€¯â€¯ #flacco #walmart #bluelock #DoctorWhoDay #Never #DaniellaPetersğ“ƒµ #BLACKPINK_BORNPINKâ€¯â€¯â€¯#FIFAWorldCup22 https://t.co/S6CLkW8hMV","['Japan', 'Thanksgiving2022', 'Spain', 'mikewhite', 'GERJPN', 'Andor', 'flacco', 'walmart', 'bluelock', 'DoctorWhoDay', 'Never', 'DaniellaPetersğ“ƒµ', 'BLACKPINK_BORNPINK', 'FIFAWorldCup22']",2020-06-20 07:13:05+00:00
AbhipraGroup,"Abhipra, a one-stop Financial Solution Hub. We provide services in Stock Broking, DEMAT, Insurance, Global Stocks, MF, Gold Bonds and a lot more.","Delhi, India",110,622,75801,0,"#Walmart $WMT Weekly Chart
#SuperTrend suggests #Bullish trend
#Support level at 141.43
#SmoothedHeikenAshi suggests #Bearish trend
Relative Strength Index (#RSI) in Neutral zone
Start #investing in #GlobalStocks at https://t.co/peLniI7mrl 
#Investor #Trading https://t.co/nXdIBqODdf","['Walmart', 'SuperTrend', 'Bullish', 'Support', 'SmoothedHeikenAshi', 'Bearish', 'RSI', 'investing', 'GlobalStocks', 'Investor', 'Trading']",2018-01-02 11:53:03+00:00
TheSain88964352,Political Analyst Researcher and Consultant.,,443,565,8879,1,Walmart shooting Virginia police: Multiple people killed in  #Walmart shooting https://t.co/GaDe3Zk5Qi,['Walmart'],2019-10-29 12:29:38+00:00
GrumpyIndy,"I stand with Ukraine. Progressive Independent. Country over party, for God's sake.","Dallas, TX",1123,1705,147723,348,"I hear people say they never thought that #GunViolence would impact them. I used to think the same way before I was shot in the throat. 

The reality is that none of us are immune.

Today, a #Walmart in #Virginia is trending. 

Tomorrow, it may be your Zip Code. #EnoughIsEnough",['GunViolence'],2013-04-03 04:26:34+00:00
Abubaka23635327,"Graduate ğŸ–¤
Jobless â˜ºï¸
Poetry_LoveR ğŸ¥€
Middle Class ğŸŒ¼
Hopes âœ¨
DreamsğŸ¤•
Autumn ğŸ","Bahawalpur, Pakistan",1045,158,693,0,"Christmas in California 2021ğŸ„Christmas 2022 will look like the video in the link: 

https://t.co/wWrCD9iWSy

#Japan #Thanksgiving2022 #Spain #mikewhite #GERJPN #Andorâ€¯â€¯â€¯ #flacco #walmart #bluelock #DoctorWhoDay #Never #DaniellaPetersğ“ƒµ #BLACKPINK_BORNPINKâ€¯â€¯â€¯#FIFAWorldCup22 https://t.co/yOsSsfO6lM","['Japan', 'Thanksgiving2022', 'Spain', 'mikewhite', 'GERJPN', 'Andor', 'flacco', 'walmart', 'bluelock', 'DoctorWhoDay', 'Never', 'DaniellaPetersğ“ƒµ', 'BLACKPINK_BORNPINK', 'FIFAWorldCup22']",2020-06-20 07:13:05+00:00
Abubaka23635327,"Graduate ğŸ–¤
Jobless â˜ºï¸
Poetry_LoveR ğŸ¥€
Middle Class ğŸŒ¼
Hopes âœ¨
DreamsğŸ¤•
Autumn ğŸ","Bahawalpur, Pakistan",1045,158,693,0,"Christmas in California 2021ğŸ„Christmas 2022 will look like the video in the link: 

https://t.co/wWrCD9juI6

#Japan #Thanksgiving2022 #Spain #mikewhite #GERJPN #Andorâ€¯â€¯â€¯ #flacco #walmart #bluelock #DoctorWhoDay #Never #DaniellaPetersğ“ƒµ #BLACKPINK_BORNPINKâ€¯â€¯â€¯#FIFAWorldCup22 https://t.co/lxkvQxGUhX","['Japan', 'Thanksgiving2022', 'Spain', 'mikewhite', 'GERJPN', 'Andor', 'flacco', 'walmart', 'bluelock', 'DoctorWhoDay', 'Never', 'DaniellaPetersğ“ƒµ', 'BLACKPINK_BORNPINK', 'FIFAWorldCup22']",2020-06-20 07:13:05+00:00
KPRC2,#HoustonStrong NBC TV affiliate and local news station in #Houston. #BreakingNews #HoustonWeather #KPRC2 | Follow more KPRC2 reporters: https://t.co/DAsedWWerP,"Houston, TX",1609,727462,265554,0,Donald Trump has teased a third presidential campaign from the moment he left the White House. https://t.co/RJgOZ1Kxcs #walmart #politics #kprc2 #click2houston,"['walmart', 'politics', 'kprc2', 'click2houston']",2009-03-30 04:25:49+00:00
Abubaka23635327,"Graduate ğŸ–¤
Jobless â˜ºï¸
Poetry_LoveR ğŸ¥€
Middle Class ğŸŒ¼
Hopes âœ¨
DreamsğŸ¤•
Autumn ğŸ","Bahawalpur, Pakistan",1045,158,693,0,"Christmas in California 2021ğŸ„Christmas 2022 will look like the video in the link: 

https://t.co/wWrCD9iWSy

#Japan #Thanksgiving2022 #Spain #mikewhite #GERJPN #Andorâ€¯â€¯â€¯ #flacco #walmart #bluelock #DoctorWhoDay #Never #DaniellaPetersğ“ƒµ #BLACKPINK_BORNPINKâ€¯â€¯â€¯#FIFAWorldCup22 https://t.co/vjbL6x8PLl","['Japan', 'Thanksgiving2022', 'Spain', 'mikewhite', 'GERJPN', 'Andor', 'flacco', 'walmart', 'bluelock', 'DoctorWhoDay', 'Never', 'DaniellaPetersğ“ƒµ', 'BLACKPINK_BORNPINK', 'FIFAWorldCup22']",2020-06-20 07:13:05+00:00
startupbonsai,We help you find the resources you need to grow your business faster.,United Kingdom,1113,3108,31661,0,"Ever wondered how much money Walmart makes? ğŸ” 

Find out the answer to this question and more in this collection of Walmart statistics ğŸ’ªğŸ’¡

https://t.co/g8xKa0jGBr 

#Walmart #SmallBusiness #Ecommerce","['Walmart', 'SmallBusiness', 'Ecommerce']",2012-01-20 12:43:44+00:00
Abubaka23635327,"Graduate ğŸ–¤
Jobless â˜ºï¸
Poetry_LoveR ğŸ¥€
Middle Class ğŸŒ¼
Hopes âœ¨
DreamsğŸ¤•
Autumn ğŸ","Bahawalpur, Pakistan",1045,158,693,0,"Christmas in California 2021ğŸ„Christmas 2022 will look like the video in the link: 

https://t.co/wWrCD9juI6

#Japan #Thanksgiving2022 #Spain #mikewhite #GERJPN #Andorâ€¯â€¯â€¯ #flacco #walmart #bluelock #DoctorWhoDay #Never #DaniellaPetersğ“ƒµ #BLACKPINK_BORNPINKâ€¯â€¯â€¯#FIFAWorldCup22 https://t.co/G77iMjoaTg","['Japan', 'Thanksgiving2022', 'Spain', 'mikewhite', 'GERJPN', 'Andor', 'flacco', 'walmart', 'bluelock', 'DoctorWhoDay', 'Never', 'DaniellaPetersğ“ƒµ', 'BLACKPINK_BORNPINK', 'FIFAWorldCup22']",2020-06-20 07:13:05+00:00
KathyEl12345,Love the outdoors... no DM's..VOTE BLUE #Bluecrew     ğŸ’™,"Kansas, USA",4989,3622,167734,348,"I hear people say they never thought that #GunViolence would impact them. I used to think the same way before I was shot in the throat. 

The reality is that none of us are immune.

Today, a #Walmart in #Virginia is trending. 

Tomorrow, it may be your Zip Code. #EnoughIsEnough",['GunViolence'],2017-01-23 04:27:30+00:00
Abubaka23635327,"Graduate ğŸ–¤
Jobless â˜ºï¸
Poetry_LoveR ğŸ¥€
Middle Class ğŸŒ¼
Hopes âœ¨
DreamsğŸ¤•
Autumn ğŸ","Bahawalpur, Pakistan",1045,158,693,0,"Christmas in California 2021ğŸ„Christmas 2022 will look like the video in the link: 

https://t.co/wWrCD9juI6

#Japan #Thanksgiving2022 #Spain #mikewhite #GERJPN #Andorâ€¯â€¯â€¯ #flacco #walmart #bluelock #DoctorWhoDay #Never #DaniellaPetersğ“ƒµ #BLACKPINK_BORNPINKâ€¯â€¯â€¯#fifaworldcup22 https://t.co/vjEX3QGtbm","['Japan', 'Thanksgiving2022', 'Spain', 'mikewhite', 'GERJPN', 'Andor', 'flacco', 'walmart', 'bluelock', 'DoctorWhoDay', 'Never', 'DaniellaPetersğ“ƒµ', 'BLACKPINK_BORNPINK', 'fifaworldcup22']",2020-06-20 07:13:05+00:00
rogerledbette11,"Dad, proud husband, pet-er of kitties, orchardist, garlic grower, sea kayaker, progressive activist, hereditary Yankee, and card-carrying old fart. #DemVoice1",98065,4860,3942,13120,37,"ğŸ§µ1/ More people will be absent from the family holiday dinner table.

A day after a mass shooting at an LGBTQ+ nightclub in Colorado, a shooter murders at least 6 people at a #WalMart in Virginia.

#WalmartShooting

#OneV1
#DemVoice1
#VoteBlueNotQ

https://t.co/x3m1jFVN7p",[],2021-01-31 15:24:25+00:00
Monyka,Cali-bredğŸ‡»ğŸ‡®Islander | Freelance Fixer | Sr. Admin Producer News Sports & Docs fmr @CBSSportsNet @CBSNews2VI @KidsCountVI |,Ennui-sur-BlasÃ©,1005,554,5586,348,"I hear people say they never thought that #GunViolence would impact them. I used to think the same way before I was shot in the throat. 

The reality is that none of us are immune.

Today, a #Walmart in #Virginia is trending. 

Tomorrow, it may be your Zip Code. #EnoughIsEnough",['GunViolence'],2008-02-28 03:43:48+00:00
JasonRGrieve,Avid Toronto sports fan (expert ğŸ˜ƒ),,68,13,265,0,"Another mass shooting in the US. No one seems to care anymore. Thank God I live in Canada, by far the best country in the world. #walmart #getittogetjer #gottalovecanada","['walmart', 'getittogetjer', 'gottalovecanada']",2016-02-06 16:46:06+00:00
carccbiggsc,"Registered Nurse
Oklahoma girl","California, USA",972,1765,45714,412,#Walmart #Chesapeake #Virginia #MassShooting  ANDRE MARCUS BING AGE 31 SHOOTER DEAD VIA SUICIDE.   4 confirmed dead. 6 transported to hospital 1 critical.  Most likely 10 humans shot. https://t.co/teyNwgILIv,"['Walmart', 'Chesapeake', 'Virginia', 'MassShooting']",2015-04-20 02:54:38+00:00
WashYourHands55,Trump is gone : Justice : Equality : Kindness : Truth : Democracy no DM,"Seattle, WA",3102,2407,129988,15,"https://t.co/V7VpffbxBF

Here are my thoughts:

1. STOP GIVING PEOPLE GUNS

2. NO, SERIOUSLY, STOP GIVING PEOPLE GUNS

#Walmart #Virginia #MassShooting #AbolishTheNRA #EnoughlsEnough #GunReformNow #GunControlNow #FireAbbottNotGuns #FireCruzNotGuns #BanAssaultWeapons",[],2016-11-11 05:52:18+00:00
RobinCogan,"Nationally Certified School Nurse (NCSN)
Fellow National Academy of School Nursing (FNASN)
Fellow American Academy of Nursing (FAAN)
School Nurse & Blogger","New Jersey, USA",8353,11815,126794,348,"I hear people say they never thought that #GunViolence would impact them. I used to think the same way before I was shot in the throat. 

The reality is that none of us are immune.

Today, a #Walmart in #Virginia is trending. 

Tomorrow, it may be your Zip Code. #EnoughIsEnough",['GunViolence'],2009-02-21 14:24:49+00:00
SageIsis,"#Resistance #trumpsucks Independent for Democracy.  Believe in Enlightened Humans, Innovation. Kindness keeps our world spinning. We The People Unifies.",Universe,10301,10360,11485,348,"I hear people say they never thought that #GunViolence would impact them. I used to think the same way before I was shot in the throat. 

The reality is that none of us are immune.

Today, a #Walmart in #Virginia is trending. 

Tomorrow, it may be your Zip Code. #EnoughIsEnough",['GunViolence'],2015-10-29 01:55:40+00:00
JerrellZod,"Gym|Comics|Entertainment|Politics|PGH Sports. A father who's Black & proud, respects wildlife & God-fearing. I ONLY TWEET WHAT I TOUCHED ON ABOVE!â¬† 
@Marvel Fan",At Gold's Gym making gains.,630,1257,182856,0,"SMH it's just another Wednesday #Thanksgiving &amp; #BlackFriday coming up a man went up in the #Walmart and killed employees.
He worked there and people just keep on moving on, that's sad........ https://t.co/9Q2hB8wtk2","['Thanksgiving', 'BlackFriday', 'Walmart']",2015-08-21 17:45:52+00:00
BRENDABLUEWAVE,Iâ€™m over it. ainâ€™t nobody got time for that.,,1406,779,17114,348,"I hear people say they never thought that #GunViolence would impact them. I used to think the same way before I was shot in the throat. 

The reality is that none of us are immune.

Today, a #Walmart in #Virginia is trending. 

Tomorrow, it may be your Zip Code. #EnoughIsEnough",['GunViolence'],2019-07-09 21:48:27+00:00
LindaBernfeld,"I'm a freelance writer who has worked in radio, TV and newspapers. Now I write kid's books. I have retired from organizing writing events.","Miami, FL",2450,1627,208738,348,"I hear people say they never thought that #GunViolence would impact them. I used to think the same way before I was shot in the throat. 

The reality is that none of us are immune.

Today, a #Walmart in #Virginia is trending. 

Tomorrow, it may be your Zip Code. #EnoughIsEnough",['GunViolence'],2009-02-05 16:42:30+00:00
djstaffs1,Mentality monster,Ireland,489,1040,112647,2,"What a grim country #America is 

#Walmart #USA https://t.co/wrXILIJNXk","['America', 'Walmart', 'USA']",2011-09-12 08:37:24+00:00
Andrel1331,,,80,426,26834,16,"Another day. Another mass shooting.  This doesnâ€™t happen in any other country in the world. Only in America were Republican politicians love for guns exceeds their love for life. â€œItâ€™s gun control, stupid.â€ #Walmart",[],2009-04-24 16:19:45+00:00
pearsoncrz,"reader/writer, SCBWI RAE, anti-racist, cook, gardener, art lover, Black Lives Matter, womens'rights are human rights, retired lawyer, she/her, opinions my own",,1375,1678,112769,348,"I hear people say they never thought that #GunViolence would impact them. I used to think the same way before I was shot in the throat. 

The reality is that none of us are immune.

Today, a #Walmart in #Virginia is trending. 

Tomorrow, it may be your Zip Code. #EnoughIsEnough",['GunViolence'],2010-04-26 16:38:59+00:00
Chelle_Bell7,LU Alum ğŸ‡¯ğŸ‡²,,165,146,27053,25,"BREAKING: #BNNUS Reports

Draayia Janaee, a coworker, shared this video of the alleged shooter, Andre Bing, 31, the manager who murdered seven people in #Chesapeake and injured many more, including his employees at #Walmart. https://t.co/e6roftfElK",['BNNUS'],2012-03-10 01:57:01+00:00
katiesgr,,,186,197,3746,16,"Another day. Another mass shooting.  This doesnâ€™t happen in any other country in the world. Only in America were Republican politicians love for guns exceeds their love for life. â€œItâ€™s gun control, stupid.â€ #Walmart",[],2011-02-24 04:59:46+00:00
WashYourHands55,Trump is gone : Justice : Equality : Kindness : Truth : Democracy no DM,"Seattle, WA",3102,2407,129988,28,"Wake up to the news of another mass shootingâ€¦.must be a Wednesday.  Did the well regulated militia defend us from tyranny at a local Walmart again?

#Walmart #GunReformNow",[],2016-11-11 05:52:18+00:00
CharleyBurt1,"Animal lover, artist, writer, MOM, wife. Be kind, ğŸ’‰! ğŸ˜· Independent #BBBCrew ğŸš«DMâ€™sğŸš« No Lists #adoptdontshop VOTE ğŸ—³",USA,4760,5453,66673,348,"I hear people say they never thought that #GunViolence would impact them. I used to think the same way before I was shot in the throat. 

The reality is that none of us are immune.

Today, a #Walmart in #Virginia is trending. 

Tomorrow, it may be your Zip Code. #EnoughIsEnough",['GunViolence'],2014-03-03 03:13:04+00:00
ThisJaxy,Can u shame someone into being a decent human by showing them a mirror to their black soul? WORTH A TRY.,,1654,367,28895,348,"I hear people say they never thought that #GunViolence would impact them. I used to think the same way before I was shot in the throat. 

The reality is that none of us are immune.

Today, a #Walmart in #Virginia is trending. 

Tomorrow, it may be your Zip Code. #EnoughIsEnough",['GunViolence'],2012-12-28 11:48:45+00:00
lch_jd,âš–ï¸ PNW Lawyer | Mom | Mimi | Civil Rights/Voting Rights Advocate | #momsdemandaction,"Washington, USA",4245,1787,12097,348,"I hear people say they never thought that #GunViolence would impact them. I used to think the same way before I was shot in the throat. 

The reality is that none of us are immune.

Today, a #Walmart in #Virginia is trending. 

Tomorrow, it may be your Zip Code. #EnoughIsEnough",['GunViolence'],2019-01-12 03:30:22+00:00
AbdulNa74840015,on YouTube making videos,,279,13,3158,0,"#Walmart 

BREAKING NEWS AS
Mass Shooting At Walmart Chesapeake Va | Employee Shared Video | LATEST UPDATE 

Must Watch Now ğŸ”´â¬‡ï¸:
https://t.co/ncb0nlFnmn https://t.co/I9GFqtVlZy",['Walmart'],2020-10-21 14:48:57+00:00
travel2stars,"We Are Liverpool . . . This Means More

#LFCFollowback #LFC #JFT97",Neverwhere,2862,2815,138419,2,"What a grim country #America is 

#Walmart #USA https://t.co/wrXILIJNXk","['America', 'Walmart', 'USA']",2013-09-18 01:13:10+00:00
bitasuga_,"be better, be a Japanese toilet","Nunya, Biznes",305,231,203517,412,#Walmart #Chesapeake #Virginia #MassShooting  ANDRE MARCUS BING AGE 31 SHOOTER DEAD VIA SUICIDE.   4 confirmed dead. 6 transported to hospital 1 critical.  Most likely 10 humans shot. https://t.co/teyNwgILIv,"['Walmart', 'Chesapeake', 'Virginia', 'MassShooting']",2012-01-16 23:51:31+00:00
SFDiCicco,American Mom, long-time fan of Bruce Springsteen and Broadway. â€œsilly NY girlâ€ Personal account. Opinions are my own. Retweets and likes are not endorsements.,"New York, USA",1619,343,16469,3,"What will it take for the 117th Senate @SenSchumer @SenateDems @SenateGOP to act to stop these mass shootings? The 117th House did it's job and already passed bipartisan bills to ban assault weapons, #KeepKidsSafe from unsecured guns, universal background checks etc... #Walmart https://t.co/Jtxjd3xExT",[]
BenamBarman,"Love to play football
T-shirt designer
Musician
I love family 
Travel","Dhaka,Bangladesh",58,38,204,0,"Please click on the link for more design.ğŸ“¦15% off best offer Now
https://t.co/99FUGZS2ul

#DieMannschaft #Neuer #Japan #Walmart #ShangChi #ChipRoy #DrFauci #Kanye #FirstArgentina #Spain #wednesdaynetflix #Moss #IanBlackford #BryanRuiz #Fridge #SuellaBraverman #Scotland #Tomiyasu https://t.co/HhuCMTsODS","['DieMannschaft', 'Neuer', 'Japan', 'Walmart', 'ShangChi', 'ChipRoy', 'DrFauci', 'Kanye', 'FirstArgentina', 'Spain', 'wednesdaynetflix', 'Moss', 'IanBlackford', 'BryanRuiz', 'Fridge', 'SuellaBraverman', 'Scotland', 'Tomiyasu']",2022-01-20 17:33:59+00:00
ArlArse666,"TN sufferer. Probably what makes me such a narky twat. Rescue, house  and feed cats,hedgehogs and foxes. You can donate below. Ta",Liverpool/ London,4771,3160,8135,2,"What a grim country #America is 

#Walmart #USA https://t.co/wrXILIJNXk","['America', 'Walmart', 'USA']",2016-12-31 12:32:29+00:00
Truseff7,#FBA ğŸ‡ºğŸ‡² Truth to Power.,,172,178,12821,1,Another mass shooting. ğŸ˜¢ #Walmart https://t.co/jPPfi4S5Ne,['Walmart'],2015-05-21 13:01:15+00:00
