crookdskeleton,"mother. nerd. coffee enthusiast. baker. medical coder. jedi. 
snapchat : crookdskeleton",,485,114,3838,0,Looking for a complete skincare line that works for your skin type? Check out No 7 Beauty at Walmart! #AD  #No7Beauty  #No7Challenge  #Walmart #entry https://t.co/Ot2fgv6kTp,"['AD', 'No7Beauty', 'No7Challenge', 'Walmart', 'entry']"
WinsightGrocery,"Winsight Grocery Business is the leading monthly supermarket magazine, focusing on merchandising and marketing trends.",,1476,7785,19651,0,Walmart tries to win the holiday shopping wars with a big membership deal https://t.co/yQQvGF1K9m #Walmart Read more ğŸ‘‡,['Walmart']
DonnaChaffins,"Content Creator, Marketer, Brand Ambassador, Social Media Influencer, wife & mom, and coffee lover. As an Amazon Associate I earn from qualifying purchases.","Knoxville, TN",78225,94260,244552,11,"#ad  Everyone should be able to access products that help them through their monthly cycle. See how you can help #UByKotex and #Walmart end period poverty!  

Plus, enter for the chance to #WIN a $50 @Walmart gift card â¡ï¸ https://t.co/fy7DxPoup5

#WithUSheCan @shespeaksup https://t.co/ciCKd5IHwC",['ad']
thisladyblogs,#Believer | Lifestyle Blogger | This Lady Blogs,USA,62590,72348,63936,63,"#ad I love Elayna's passion for stopping period poverty! Learn more and see how you can help too! ğŸ‘‡ğŸ‘‡

https://t.co/YuwkhHf0iE
#WithUSheCan #UByKotex #Walmart 
@shespeaksup",['ad']
Brooklyn_Jet1,,,1120,77,2213,0,"@TizzyEnt These children have no parents? When the parents saw their children leave the house, they did not say to themselves: WTF ARE YOU DOING??
#cedarcityutah #blackface #walmart #cedarcity","['cedarcityutah', 'blackface', 'walmart', 'cedarcity']"
Brooklyn_Jet1,,,1120,77,2213,0,"@Imposter_Edits These children have no parents? When the parents saw their children leave the house, they did not say to themselves: WTF ARE YOU DOING??
#cedarcityutah #blackface #walmart #cedarcity","['cedarcityutah', 'blackface', 'walmart', 'cedarcity']"
coach_dylanh,strives to help athletes & adults improve through training & nutrition |SCSU Assistant S&C Coach |CSCS|Pn1| |âš½ï¸coach| https://t.co/3mCSfXMVou,"Connecticut, USA",99,51,601,41,Anyone from cedar city Utah know who these folks are? Theyâ€™re so proud of themselves I donâ€™t see why we canâ€™t help emâ€™ out a little bit #walmart #utah #cedarcity #cedarcityutah #blackface #racist #racists #americanmoment #cancelthem https://t.co/0qPax8C8X8,[]
RyLucas20,Creative Director / Business Development Director @blocktides Business Development Director / 5 Star General @placewar_game,,27,55,5200,37,"ğŸª #Walmart's global chief technology officer has declared that ""#crypto will become an important part"" of how we shop in the future. ğŸ›ï¸

ğŸ“£ Speaking to Yahoo! Finance, Suresh Kumar predicted that we will soon see a lot of disruption in terms of payment methods by consumers. ğŸ’µ https://t.co/167r7zwxto","['Walmart', 'crypto']"
thisladyblogs,#Believer | Lifestyle Blogger | This Lady Blogs,USA,62590,72348,63936,11,"#ad  Everyone should be able to access products that help them through their monthly cycle. See how you can help #UByKotex and #Walmart end period poverty!  

Plus, enter for the chance to #WIN a $50 @Walmart gift card â¡ï¸ https://t.co/fy7DxPoup5

#WithUSheCan @shespeaksup https://t.co/ciCKd5IHwC",['ad']
noizylady,"My Linktree:
https://t.co/0LamHQ4mjQ",Charleston S.C.,2057,998,30570,0,"Save $500 on HP Pavilion TG01 Gaming Desktop
Now $999.00 was $1,499.00
https://t.co/diulyevP6F
ğŸ‘‰ğŸ‘‰Price subject to change
#Ad #NOV012022 #walmart https://t.co/VPQMp4BdD9","['Ad', 'NOV012022', 'walmart']"
goodbuysalltime,Say HELLO to a Good Buy | Customer Service is our #1 Priority | eBay + FBA Seller 100% Feedback,"Tennessee, USA",2606,6396,253418,11,"#ad  Everyone should be able to access products that help them through their monthly cycle. See how you can help #UByKotex and #Walmart end period poverty!  

Plus, enter for the chance to #WIN a $50 @Walmart gift card â¡ï¸ https://t.co/fy7DxPoup5

#WithUSheCan @shespeaksup https://t.co/ciCKd5IHwC",['ad']
goodbuysalltime,Say HELLO to a Good Buy | Customer Service is our #1 Priority | eBay + FBA Seller 100% Feedback,"Tennessee, USA",2606,6396,253418,63,"#ad I love Elayna's passion for stopping period poverty! Learn more and see how you can help too! ğŸ‘‡ğŸ‘‡

https://t.co/YuwkhHf0iE
#WithUSheCan #UByKotex #Walmart 
@shespeaksup",['ad']
adarst213,,"Franklin, WI",2290,629,49863,0,"Got dull and uneven skin? You need to try @No7usaâ€™s Lift &amp; Luminate line! See what products are SheSpeaks influencer, Lana, lists as her favorites from the line! #ad  #No7Beauty #No7Challenge #Walmart https://t.co/F6TOKKEnaL","['ad', 'No7Beauty', 'No7Challenge', 'Walmart']"
robertstanek,"Dad. Husband. Writer for 35 years. Author of 250+ books pubd by Pearson, Macmillan, McGraw Hill, O'Reilly, Microsoft & more. Visit: https://t.co/i1sBRhPV90 360studios.",In a wee house in Bugville,1410,69664,8176,0,"Our world isn't ours anymore. It's theirs. The machines.

#Walmart https://t.co/CL3ANi6E8H
#BN https://t.co/0ML7CnwKVo
#Play https://t.co/Iq7DSWzxBK
#iTunes https://t.co/NbrhslhnO2
#Amazon https://t.co/YjanSCgZkb

#twitterbooks #googlebooks #applebooks #amazonbooks #books https://t.co/IzDylsVpDA","['Walmart', 'BN', 'Play', 'iTunes', 'Amazon', 'twitterbooks', 'googlebooks', 'applebooks', 'amazonbooks', 'books']"
adarst213,,"Franklin, WI",2290,629,49863,0,"Teresa says, 'Iâ€™ve tested so many products to find a product line that actually HYDRATES my face, and the 
@No7USA Restore &amp; Renew line checks off all the boxes for me!'  #ad #No7Beauty #No7Challenge #Walmart
https://t.co/9WKxcu9RY1","['ad', 'No7Beauty', 'No7Challenge', 'Walmart']"
noizylady,"My Linktree:
https://t.co/0LamHQ4mjQ",Charleston S.C.,2057,999,30570,0,"Save $110.99 on Shark ION Robot Vacuum
Now $139.00 was $249.99
https://t.co/E5tJU0TydQ
ğŸ‘‰ğŸ‘‰Price subject to change
#Ad #NOV012022 #Walmart https://t.co/n7uKf8tFC2","['Ad', 'NOV012022', 'Walmart']"
katearooz,,,65,0,238,0,#walmart: good for the pocketbook.  Canâ€™t buy ğŸ’© in their stores because the damn pallets are everywhere! ğŸ¤·ğŸ¼â€â™€ï¸ #Target and #Amazon for the win. https://t.co/QBnhNOtUCv,"['walmart', 'Target', 'Amazon']"
GenX_CatLady,"Bad dancing, stupid jokes, lots of laughing.
Follow my stream @ https://t.co/hGQft2SeY9",Michigan ,137,114,201,0,My #Walmart is cooler than your Walmart ğŸ¤£ https://t.co/7I9NUw0lEZ,['Walmart']
nerdharder88,Arkansas - TV & Movies - Comic Books & Toys - TESD - Xbox Gamer - My LinksğŸ‘‡,"Arkansas, USA",560,424,3973,0,"@Walmart @WalmartSparkers guess Iâ€™ll just take the week off then. Hope those new drivers work out for ya. âœŒï¸

#walmart #spark #walmartspark #gig #delivery #driver https://t.co/xBmEb9g4Ts","['walmart', 'spark', 'walmartspark', 'gig', 'delivery', 'driver']"
thrincor,"""Truth never damages a cause that is just.â€   â€•       Mahatma Gandhi",,4863,564,34100,229,Looking for a skincare line that delivers RESULTS at an affordable price point? Check out @No7USA Beauty at Walmart &amp, enter to WIN a $100 Walmart Gift Card to try  No 7 Beauty for yourself. #AD  #No7Beauty  #No7Challenge  #Walmart  https://t.co/hyQGN009Kf https://t.co/snLoYuMZt1
KouponKat,Mom w/ 4 daughters ğŸ’– Sweepstakes are for winners ğŸ†Always looking for a good deal + savingğŸ’°for our next family vacationâœˆï¸ #Illini ğŸ§¡ğŸ’™ğŸ€,United States,4922,3569,182967,0,"Got dull and uneven skin? You need to try @No7usaâ€™s Lift &amp; Luminate line! See what products are SheSpeaks influencer, Lana, lists as her favorites from the line! #ad  #No7Beauty #No7Challenge #Walmart https://t.co/fXVITDXxVP","['ad', 'No7Beauty', 'No7Challenge', 'Walmart']"
KouponKat,Mom w/ 4 daughters ğŸ’– Sweepstakes are for winners ğŸ†Always looking for a good deal + savingğŸ’°for our next family vacationâœˆï¸ #Illini ğŸ§¡ğŸ’™ğŸ€,United States,4922,3569,182967,0,"Teresa says, 'Iâ€™ve tested so many products to find a product line that actually HYDRATES my face, and the 
@No7USA Restore &amp; Renew line checks off all the boxes for me!'  #ad #No7Beauty #No7Challenge #Walmart
https://t.co/xE2PDf6Bp8","['ad', 'No7Beauty', 'No7Challenge', 'Walmart']"
NightHelperBlog,"Wears many hats: #Mom, #Wife, #Inventor, #LoverofGod, #MIBlogger, #BrandAmbassador #TwitterPartygal #Entertainment #TravelBlogger #SocialMedia #Tech #Reviewer",Midwest,7259,31615,85496,6,Find out how you can help end period poverty with #UbyKotex and #Walmart - #WithUSheCan #entry #ad https://t.co/ealOljL0rS https://t.co/1WYwRTRP0t,"['UbyKotex', 'Walmart', 'WithUSheCan', 'entry', 'ad']"
NightHelperBlog,"Wears many hats: #Mom, #Wife, #Inventor, #LoverofGod, #MIBlogger, #BrandAmbassador #TwitterPartygal #Entertainment #TravelBlogger #SocialMedia #Tech #Reviewer",Midwest,7259,31615,85496,6,"#ad 2 in 5 women struggle to purchase period products duet o lack of income. #UByKotex and #Walmart are taking steps to help end period poverty and YOU can help! 

Learn more â¡ï¸ https://t.co/RjpYdSK3hj

#WithUSheCan @shespeaksup","['ad', 'UByKotex', 'Walmart']"
jtalash1,"strategic analyst 
polyglot(fr,tr,per,pash,eng,fr)
author","Ø±Ø§ÙˆÙ„Ù¾Ù†ÚˆÛŒ, Ù¾Ø§Ú©Ø³ØªØ§Ù†",582,125,18,0,"Do you want to change your future 
#crizbuzz
#weather
#Facebook
#youtube
#amazon 
#translate
#how
#clima
#WhatsApp 
#Sarkariresult
#yandix
#delux
#traductor
#what's
#Walmart
#Instagram
#ipl
#Google
#Flipkart
#Wordle
#gmail
#Googletranslate 
https://t.co/Wxzx4JGv9X","['crizbuzz', 'weather', 'Facebook', 'youtube', 'amazon', 'translate', 'how', 'clima', 'WhatsApp', 'Sarkariresult', 'yandix', 'delux', 'traductor', 'what', 'Walmart', 'Instagram', 'ipl', 'Google', 'Flipkart', 'Wordle', 'gmail', 'Googletranslate']"
the_sigismund,"I'm an old man, relaxing and watching the end of civilization.
""For within the hollow crown that rounds the mortal temples of a king keeps death his court,""","The dying city of Rochester, N",127,369,51239,8,"#WebsterNY #FireSprinkler System controls fire at #Walmart. #Firefighters finish the job. Employees, customers and firefighters safe! #fastestwater https://t.co/kjlR2uV6R2","['WebsterNY', 'FireSprinkler', 'Walmart', 'Firefighters']"
TechNewsClub,Simply tech-related investing headlines ğŸ— In a digestible format âœï¸  Not investment advice ğŸ“„,,202,754,51039,0,"Walmart announces plan to halve Walmart+ enrollment costs for 2 days $WMT

#Walmart+ Yahoo Finance anchor Seana Smith reports on Walmart is lowering the price of its Walmart+ membership to $49, but only for a limited time.

See it here ğŸ”¥ https://t.co/mbbldBeHQU",['Walmart']
FSMMedia,"Blogger/Amateur TV and Film Critic of 13 years. Gen-X Mom who loves TV, Movies, Pop Culture, The 80s & Her Pets | âŒ¨ï¸Collab: DM",Baltimore. MD,1249,46636,159404,0,"Got dull and uneven skin? You need to try @No7usaâ€™s Lift &amp; Luminate line! See what products are SheSpeaks influencer, Lana, lists as her favorites from the line! #ad  #No7Beauty #No7Challenge #Walmart https://t.co/o8lGTazGLt","['ad', 'No7Beauty', 'No7Challenge', 'Walmart']"
FSMMedia,"Blogger/Amateur TV and Film Critic of 13 years. Gen-X Mom who loves TV, Movies, Pop Culture, The 80s & Her Pets | âŒ¨ï¸Collab: DM",Baltimore. MD,1249,46636,159404,0,"Teresa says, 'Iâ€™ve tested so many products to find a product line that actually HYDRATES my face, and the 
@No7USA Restore &amp; Renew line checks off all the boxes for me!'  #ad #No7Beauty #No7Challenge #Walmart
https://t.co/tcRhXi1OCW","['ad', 'No7Beauty', 'No7Challenge', 'Walmart']"
FSMMedia,"Blogger/Amateur TV and Film Critic of 13 years. Gen-X Mom who loves TV, Movies, Pop Culture, The 80s & Her Pets | âŒ¨ï¸Collab: DM",Baltimore. MD,1249,46636,159404,0,Looking for a complete skincare line that works for your skin type? Check out No 7 Beauty at Walmart! #AD  #No7Beauty  #No7Challenge  #Walmart #entry https://t.co/91DGdPKsN4,"['AD', 'No7Beauty', 'No7Challenge', 'Walmart', 'entry']"
jamieizskye,ğ‹ğ¢ğŸğ ğ¢ğ¬ ğ­ğ¡ğ ğšğ«ğ­ ğ¨ğŸ ğğ«ğšğ°ğ¢ğ§ğ  ğ°ğ¢ğ­ğ¡ğ¨ğ®ğ­ ğšğ§ ğğ«ğšğ¬ğğ«,USA,3955,2896,38373,0,"ğŸJoin or re-join #Walmart plus &amp; get 6 months FREE for a (12) month subscription for $49 (reg. $99).

Deal is available for a limited time just use the link below
https://t.co/26kIwzdF9k

#blackfriday2022 is coming https://t.co/cN0p0QGohm","['Walmart', 'blackfriday2022']"
deals_finders,Download DealsFinders App : https://t.co/U7nC4B026b,"Plano, TX",202,1551,179337,0,"Shark Genius Steam Pocket Hard Floor Mop System for just $59 (Reg. $129.99)

Shark Genius Steam Pocket Hard Floor Mop System for just $59 (Reg. $129.99)

https://t.co/aI2iWI39KT

 #HomeDeals #Walmart https://t.co/Fc6RezoTnU","['HomeDeals', 'Walmart']"
foss_lila,,"Yorba Linda, CA",72,17,453,41,Anyone from cedar city Utah know who these folks are? Theyâ€™re so proud of themselves I donâ€™t see why we canâ€™t help emâ€™ out a little bit #walmart #utah #cedarcity #cedarcityutah #blackface #racist #racists #americanmoment #cancelthem https://t.co/0qPax8C8X8,[]
daveslaterjr,"Husband, Father, @SienaCollege Alumni & Shriner of many interests & curiosities. VP Small Business Banking at @BankofAmerica. All views are solely my own.","Albany, NY",1362,330,2564,1,"So, #Walmart Plus is on sale for a couple days, $49 for year with 6 months free. Get $20 off a future order when you try Walmart+. Use my link to sign up https://t.co/eQDB3WNqwi",['Walmart']
RT2Presents,I drink and I smoke and I write things. Sometimes not in that order.,NC,1168,637,5048,0,"At #Walmart...

Three ladies stroll by.

All three shook in the soul when I moved. They realized I wasn't a mannequin posted up against the Halloween section.

The fact that I'm all black in a NazgÃ»l-inspired long hoodie makes it all the more hilarious. ğŸ¤£ğŸ–¤ğŸŒŒ https://t.co/lZku2MjTEA",['Walmart']
ReviewsByKathy,Blogger who loves living on the water!! Follow me on https://t.co/eGDKF1rfW3,Texas USA,7637,6962,22133,0,"Teresa says, 'Iâ€™ve tested so many products to find a product line that actually HYDRATES my face, and the 
@No7USA Restore &amp; Renew line checks off all the boxes for me!'  #ad #No7Beauty #No7Challenge #Walmart
https://t.co/qCswqWy9Rw","['ad', 'No7Beauty', 'No7Challenge', 'Walmart']"
MikeyP5Stocks,"ğŸš¨Stock Alerts , News and updates For Sony PlayStation 5. Follow to be notified when #PS5 Restock. Trusted PlayStation & Amazon associate | Ship Worldwide ğŸ“¦ğŸŒ",,381,11552,2229,0,"Ps5 disc version $500âœ…
Ps5 digital version $400!âœ…

All brand new and sealed âœ…
All available with all their accessories.
They come with a one year warranty. Let us know how we can help you. Like this tweet &amp; message me ğŸ“¬Thankâ€™s ğŸ™ğŸ½ #Amazon #Gamestop #Target  #PS5  #Walmart https://t.co/ORmFXS0tZv","['Amazon', 'Gamestop', 'Target', 'PS5', 'Walmart']"
ReviewsByKathy,Blogger who loves living on the water!! Follow me on https://t.co/eGDKF1rfW3,Texas USA,7637,6962,22133,0,Looking for a complete skincare line that works for your skin type? Check out No 7 Beauty at Walmart! #AD  #No7Beauty  #No7Challenge  #Walmart #entry https://t.co/kuA2hGarDE,"['AD', 'No7Beauty', 'No7Challenge', 'Walmart', 'entry']"
Secti0n31,"Over-Educated, Under loved Millennial.

Jack of all trades. Master of a few. 

Your boss's boss's boss.","Earth, Sol System",653,559,50619,0,This shameless #Blackface costume was allegedly at a #Utah #Walmart https://t.co/rFnRmSsEkg,"['Blackface', 'Utah', 'Walmart']"
JonnyLeroy,"-Co-Host of The Horror Basement & Beyond Podcast

-Enjoy all  things horror, aliens and conspiracy theories","Tennessee, USA",552,806,5853,1,"We got those @Walmart Exclusive Philly Cheesesteak @Pringles

https://t.co/IYNMcTdDlo

#pringles #food #review #walmart #snack #thebigbaldbuddies","['pringles', 'food', 'review', 'walmart']"
bigbaldbuddies,The Big Bald Buddies,"Manchester, TN",495,413,1347,1,"We got those @Walmart Exclusive Philly Cheesesteak @Pringles

https://t.co/IYNMcTdDlo

#pringles #food #review #walmart #snack #thebigbaldbuddies","['pringles', 'food', 'review', 'walmart', 'snack', 'thebigbaldbuddies']"
hawaiianfirefly,,,2581,73,6321,229,Looking for a skincare line that delivers RESULTS at an affordable price point? Check out @No7USA Beauty at Walmart &amp, enter to WIN a $100 Walmart Gift Card to try  No 7 Beauty for yourself. #AD  #No7Beauty  #No7Challenge  #Walmart  https://t.co/hyQGN009Kf https://t.co/snLoYuMZt1
hawaiianfirefly,,,2581,73,6321,0,Looking for a complete skincare line that works for your skin type? Check out No 7 Beauty at Walmart! #AD  #No7Beauty  #No7Challenge  #Walmart #entry https://t.co/dOjd9bPHVN,"['AD', 'No7Beauty', 'No7Challenge', 'Walmart', 'entry']"
tusharmarghade,"#ZED #NABH Consultant, Hospital Infrastructure Planner, OHS & Quality Professional. Managing a Advanced Visualisation IT Company. #à¤®",India,766,864,127712,5,"Global garment buyers back in #Tiruppur as prices of raw materials (Cotton and Yarn) falls

- Orders are again placed by #Walmart and #Primark after 3 months of slide on orders

- Tiruppur has 3000 garment units which employs 18 lakh people

- Annual Exports around Rs 35,000 Cr https://t.co/OCKDHXXVfk",['Tiruppur']
amomsimpression,"Parenting and Lifestyle influencer, #TwitterParty host, mom, foodie, traveler and educator. Founder, editor and writer of @amomsimpression.",Indiana,94855,135016,99950,0,Looking for a complete skincare line that works for your skin type? Check out No 7 Beauty at Walmart! #AD #No7Beauty #No7Challenge #Walmart #entry https://t.co/F2xbNsgbYE,"['AD', 'No7Beauty', 'No7Challenge', 'Walmart', 'entry']"
gaynycdad,"Award winning Parent, Travel & Entertainment Blogger! I talk about adoption, parenting, and do product reviews. HuffPo Disney Blogger. https://t.co/8Z4P7IMnFy","ÃœT: 40.733845,-73.980998",17557,44915,340575,11,"#ad  Everyone should be able to access products that help them through their monthly cycle. See how you can help #UByKotex and #Walmart end period poverty!  

Plus, enter for the chance to #WIN a $50 @Walmart gift card â¡ï¸ https://t.co/fy7DxPoup5

#WithUSheCan @shespeaksup https://t.co/ciCKd5IHwC",['ad']
gaynycdad,"Award winning Parent, Travel & Entertainment Blogger! I talk about adoption, parenting, and do product reviews. HuffPo Disney Blogger. https://t.co/8Z4P7IMnFy","ÃœT: 40.733845,-73.980998",17557,44915,340575,63,"#ad I love Elayna's passion for stopping period poverty! Learn more and see how you can help too! ğŸ‘‡ğŸ‘‡

https://t.co/YuwkhHf0iE
#WithUSheCan #UByKotex #Walmart 
@shespeaksup",['ad']
ItCostsHowMuch,"I write about price changes for everyday items and large purchases, and who's making money.","San Antonio, TX",4,2,25,0,"Only Smucker's would dare to take on the classic PBJ with @Uncrustables. In addition to removing the crust, how much more are they removing from your grocery budget? Check out this video to see how much the price has increased in a year...

#Inflation #GroceryShopping #walmart https://t.co/SJaqwMXVS6","['Inflation', 'GroceryShopping', 'walmart']"
amomsimpression,"Parenting and Lifestyle influencer, #TwitterParty host, mom, foodie, traveler and educator. Founder, editor and writer of @amomsimpression.",Indiana,94855,135016,99950,0,Find out how you can help end period poverty with #UbyKotex and #Walmart - #WithUSheCan #entry #ad https://t.co/Z6JsRlX65b,"['UbyKotex', 'Walmart', 'WithUSheCan', 'entry', 'ad']"
Citlaly98667285,,,1,0,20,0,Walmart https://t.co/iStwDXnPOL #Walmart,['Walmart']
LVFunkoholics,"The Premiere Vegas Collector Group. Follow our  Social Media Channels for more! Follow on Offical Instagram,TikTok,YouTube and Facebook.Not affiliated w/ Funko","Las Vegas, Nevada",21,48,272,0,"Hey my Dudes.. Get off the couch and check a Walmart. Spotted at Walmart  Funko Pop Stranger Things Argyle. 

#strangerthings #funko #walmart #strangerthings4 #funkopop #GoFunkoYourself https://t.co/wU1xvA1oIt","['strangerthings', 'funko', 'walmart', 'strangerthings4', 'funkopop', 'GoFunkoYourself']"
amomsimpression,"Parenting and Lifestyle influencer, #TwitterParty host, mom, foodie, traveler and educator. Founder, editor and writer of @amomsimpression.",Indiana,94855,135016,99950,0,Don't let your period slow you down! https://t.co/BMAN3NxLMu #ad #WithUSheCan #UByKotex #Walmart,"['ad', 'WithUSheCan', 'UByKotex', 'Walmart']"
M4sterMM,Hello world. ğŸ”¥ğŸ’©ğŸ¦,"Las Vegas, NV",482,66,5635,0,Imagine going to get your groceries and your partner proposes you at the produce section ğŸ¤£ #Walmart https://t.co/IODRpq6DAs,['Walmart']
ChefMediaGroup,"Chef Media Group is home to Phone Chef, Tech Chef, TV Chef, Music Chef, Sleep Chef, and Card Chef.",,7,1684,469,0,"Onn Roku TV 65 Inch 4k 

Buy at Walmart: https://t.co/45dAPLpDFw
ğŸ“º: https://t.co/dWCLNzzNmKÂ 

@Walmart @Roku #walmart #roku #rokutv #walmarttv #onnrokutv #onn #onnwalmart #onn #smarttv #4ktv #walmartonnrokutv #technology #tech #tv #televison #rokutelevsion #onntelevision https://t.co/D6uZUd7hYb","['walmart', 'roku', 'rokutv', 'walmarttv', 'onnrokutv', 'onn', 'onnwalmart', 'onn', 'smarttv', '4ktv', 'walmartonnrokutv', 'technology', 'tech', 'tv', 'televison', 'rokutelevsion', 'onntelevision']"
YogiYarntail,A traveller on the evolutionary roads of life. Adding colour and contextual ideas to the otherwise monochrome world in which many prefer to live contained.,,4991,1836,51072,0,"One of my #bestseller #designs #FieldofSummerGlory  By #Yogiyarntailandme @ #Spoonflower is also #forsale on #Etsy #Amazon #Ebay and #Walmart

https://t.co/Yune8eTMGp

https://t.co/EwGSjkYyxa

https://t.co/zz2P1vU6Vg

https://t.co/irRh1hD0fR https://t.co/vDbxEWSvHn","['bestseller', 'designs', 'FieldofSummerGlory', 'Yogiyarntailandme', 'Spoonflower', 'forsale', 'Etsy', 'Amazon', 'Ebay', 'Walmart']"
Meyershasblue6,"Support for all LEO'S, K9s, nurses, EMS and firefighters. ; #backtheblue missions cards all-over the USA.  #akf #backthebluedawn was old acct I love sprinkles",Camp Crystal Lake,350,81,340,0,Enter to win a $100 Walmart Gift Card in the @SheSpeaksUp No7 Beauty giveaway here: https://t.co/FTro0xGkP0 #ad #entry  #No7Beauty  #No7Challenge  #Walmart,"['ad', 'entry', 'No7Beauty', 'No7Challenge', 'Walmart']"
NightHelperBlog,"Wears many hats: #Mom, #Wife, #Inventor, #LoverofGod, #MIBlogger, #BrandAmbassador #TwitterPartygal #Entertainment #TravelBlogger #SocialMedia #Tech #Reviewer",Midwest,7259,31616,85496,11,"#ad  Everyone should be able to access products that help them through their monthly cycle. See how you can help #UByKotex and #Walmart end period poverty!  

Plus, enter for the chance to #WIN a $50 @Walmart gift card â¡ï¸ https://t.co/fy7DxPoup5

#WithUSheCan @shespeaksup https://t.co/ciCKd5IHwC",['ad']
Meyershasblue6,"Support for all LEO'S, K9s, nurses, EMS and firefighters. ; #backtheblue missions cards all-over the USA.  #akf #backthebluedawn was old acct I love sprinkles",Camp Crystal Lake,350,81,340,0,"Got dull and uneven skin? You need to try @No7usaâ€™s Lift &amp; Luminate line! See what products are SheSpeaks influencer, Lana, lists as her favorites from the line! #ad  #No7Beauty #No7Challenge #Walmart https://t.co/2hTPE1kCuk","['ad', 'No7Beauty', 'No7Challenge', 'Walmart']"
Meyershasblue6,"Support for all LEO'S, K9s, nurses, EMS and firefighters. ; #backtheblue missions cards all-over the USA.  #akf #backthebluedawn was old acct I love sprinkles",Camp Crystal Lake,350,81,340,229,Looking for a skincare line that delivers RESULTS at an affordable price point? Check out @No7USA Beauty at Walmart &amp, enter to WIN a $100 Walmart Gift Card to try  No 7 Beauty for yourself. #AD  #No7Beauty  #No7Challenge  #Walmart  https://t.co/hyQGN009Kf https://t.co/snLoYuMZt1
NightHelperBlog,"Wears many hats: #Mom, #Wife, #Inventor, #LoverofGod, #MIBlogger, #BrandAmbassador #TwitterPartygal #Entertainment #TravelBlogger #SocialMedia #Tech #Reviewer",Midwest,7259,31616,85496,63,"#ad I love Elayna's passion for stopping period poverty! Learn more and see how you can help too! ğŸ‘‡ğŸ‘‡

https://t.co/YuwkhHf0iE
#WithUSheCan #UByKotex #Walmart 
@shespeaksup",['ad']
Meyershasblue6,"Support for all LEO'S, K9s, nurses, EMS and firefighters. ; #backtheblue missions cards all-over the USA.  #akf #backthebluedawn was old acct I love sprinkles",Camp Crystal Lake,350,81,340,0,Looking for a complete skincare line that works for your skin type? Check out No 7 Beauty at Walmart! #AD  #No7Beauty  #No7Challenge  #Walmart #entry https://t.co/FTro0xGkP0,"['AD', 'No7Beauty', 'No7Challenge', 'Walmart', 'entry']"
Meyershasblue6,"Support for all LEO'S, K9s, nurses, EMS and firefighters. ; #backtheblue missions cards all-over the USA.  #akf #backthebluedawn was old acct I love sprinkles",Camp Crystal Lake,350,81,340,0,"Teresa says, 'Iâ€™ve tested so many products to find a product line that actually HYDRATES my face, and the 
@No7USA Restore &amp; Renew line checks off all the boxes for me!'  #ad #No7Beauty #No7Challenge #Walmart
https://t.co/rQrGQ3kPs0","['ad', 'No7Beauty', 'No7Challenge', 'Walmart']"
Claudine_Nich,"Godâ¤ï¸FamilyğŸ‡ºğŸ‡¸Country, Defender of the Constitution& Medical Freedom, Intl Franchise in Preventative Healthcare, Health Coach,Marathoner, Speaker,Author,Artist",,1501,1827,19053,0,"If you really are against the WEF &amp; NWO agenda, STOP SUPPORTING the huge businesses involved in the global plot!!! Like â€”-#walmart and #amazon Quit giving $$$ to the enemy!!!! I will keep posting a list of every company supporting this agenda. But this is where you start! #Enough","['walmart', 'amazon', 'Enough']"
glutenfreeforg1,"Author of Celiac Mom, a #memoir. My daughter was diagnosed with #celiac at age 5. Our family has been #glutenfree since 2007. Visit me at @AuthorAnnC.",,199,208,1859,1,"ğŸ¦‰ @WiseBitesInc now at 250 Walmart locations across Canada!ğŸ¦‰ 4 Soft Mini flavours - lemon, chocolate, raspberry pie &amp; apple pie!ğŸ¦‰ #FREEFROM TOP 11 ALLERGENSğŸ¦‰  #VEGAN #GlutenFree #NutFree #NONGMO #Schoolsafe ğŸ¦‰Online https://t.co/fNM9oa8ZDo #wisebites #walmart #bcbrand https://t.co/Ozkq4ywDVq",[]
promoSpricedrop,"We participate in Amazon Services LLC Associates Program, and   EPN,LS,CJ  IR ,and may earn a commission on any qualifying purchases at no cost to you. #coupon",Northern Kentucky,4365,11977,254303,0,"â—â— #ROLLBACK â—â— 
ğŸ”—https://t.co/46a4NarFQW
âœ…Let us know if you scored it
â°Limited time offerğŸš«No Promo-code/product guarantee
ğŸ‘‰As an Affiliate I earn from qualifying purchases
(ad)#deal #sale #walmart","['ROLLBACK', 'deal', 'sale', 'walmart']"
ppennypincher,"Helping you beautifully care for your home, family, and finances every single day with frugal DIYs, coupons, tips, & easy recipes. Come join us!",Ohio,387,9031,50234,0,HURRY! 1-Year #Walmart+ Membership ONLY $49 (Reg. $99) â€“ Ends 11/3!: HURRY! 1-Year #Walmart+ Membership ONLY $49â€¦ https://t.co/pXqyVumJ71 https://t.co/5zsE0tCaMN,"['Walmart', 'Walmart']"
Maria_Luz27,"ğŸ¤ yee mf haw, bitch","Texas, USA",317,321,37728,41,Anyone from cedar city Utah know who these folks are? Theyâ€™re so proud of themselves I donâ€™t see why we canâ€™t help emâ€™ out a little bit #walmart #utah #cedarcity #cedarcityutah #blackface #racist #racists #americanmoment #cancelthem https://t.co/0qPax8C8X8,[]
2kidsandacoupon,Social media #influencer & #Iowa #blogger sharing fun things to do for families at https://t.co/07ypiMdhO3. Contact us at 2kidsandacoupon@gmail.com,Iowa,68293,95413,338799,0,Enter to win a $100 Walmart Gift Card in the @SheSpeaksUp No7 Beauty giveaway here: https://t.co/ysjILdmvHV #ad #entry #No7Beauty #No7Challenge #Walmart https://t.co/w15CsyuvVz,"['ad', 'entry', 'No7Beauty', 'No7Challenge', 'Walmart']"
AnimalPhax,Bringing the all animal phax to stomach until full. Follow to further reeducate on animal ways,Mother Earth,21,16,652,0,Darkwing Duck's True Identity Revealed https://t.co/NjZmhsF44r #darkwingduck #duck #cartoon #comic #disney #hero #superhero #marvel #dc #batman #sony #walmart #satire #joke #viral #crime #amazon #tesla #weird #tacobell #burgerking #mcdonalds #microsoft #pizzahut #funny #animals,"['darkwingduck', 'duck', 'cartoon', 'comic', 'disney', 'hero', 'superhero', 'marvel', 'dc', 'batman', 'sony', 'walmart', 'satire', 'joke', 'viral', 'crime', 'amazon', 'tesla', 'weird', 'tacobell', 'burgerking', 'mcdonalds', 'microsoft', 'pizzahut', 'funny', 'animals']"
HElmorssy,,,59,0,64,54,"Let's join Lori in putting a stop to period poverty! #ad See how you can help here ğŸ‘‡ğŸ‘‡ğŸ‘‡

https://t.co/slaSO84vsx #WithUSheCan #UByKotex #Walmart 
@shespeaksup",['ad']
OmarBenazouz1,,,5,0,83,54,"Let's join Lori in putting a stop to period poverty! #ad See how you can help here ğŸ‘‡ğŸ‘‡ğŸ‘‡

https://t.co/slaSO84vsx #WithUSheCan #UByKotex #Walmart 
@shespeaksup",['ad']
eagledommyeagle,,,129,1,119,54,"Let's join Lori in putting a stop to period poverty! #ad See how you can help here ğŸ‘‡ğŸ‘‡ğŸ‘‡

https://t.co/slaSO84vsx #WithUSheCan #UByKotex #Walmart 
@shespeaksup",['ad']
sfj8888,"The most logical liberal youâ€™ve ever heard from; Motorcycling around; pro-2nd Amendment #2A; KCCO; If you want to know more, just ask. RTs & favs â‰  endorsement","Rochester, NY",884,2356,68001,8,"#WebsterNY #FireSprinkler System controls fire at #Walmart. #Firefighters finish the job. Employees, customers and firefighters safe! #fastestwater https://t.co/kjlR2uV6R2","['WebsterNY', 'FireSprinkler', 'Walmart', 'Firefighters']"
Kirtookhamenei,,,420,993,11941,54,"Let's join Lori in putting a stop to period poverty! #ad See how you can help here ğŸ‘‡ğŸ‘‡ğŸ‘‡

https://t.co/slaSO84vsx #WithUSheCan #UByKotex #Walmart 
@shespeaksup",['ad']
boroda2079,,,223,37,408,53,"#ad When you purchase a U by Kotex product at Walmart between now and 11/2 your purchase can trigger TWO donations to the Alliance for Period Supplies! Help end period poverty! Learn more here: https://t.co/bmPLIvOARj #WithUSheCan #UByKotex #Walmart 
@shespeaksup https://t.co/dmqquw2Fki",['ad']
jackgam57081169,kind advocate,,1201,94,1195,53,"#ad When you purchase a U by Kotex product at Walmart between now and 11/2 your purchase can trigger TWO donations to the Alliance for Period Supplies! Help end period poverty! Learn more here: https://t.co/bmPLIvOARj #WithUSheCan #UByKotex #Walmart 
@shespeaksup https://t.co/dmqquw2Fki",['ad']
vesivey881,,,3,0,4,53,"#ad When you purchase a U by Kotex product at Walmart between now and 11/2 your purchase can trigger TWO donations to the Alliance for Period Supplies! Help end period poverty! Learn more here: https://t.co/bmPLIvOARj #WithUSheCan #UByKotex #Walmart 
@shespeaksup https://t.co/dmqquw2Fki",['ad']
EidyM14,Hi,,243,23,970,53,"#ad When you purchase a U by Kotex product at Walmart between now and 11/2 your purchase can trigger TWO donations to the Alliance for Period Supplies! Help end period poverty! Learn more here: https://t.co/bmPLIvOARj #WithUSheCan #UByKotex #Walmart 
@shespeaksup https://t.co/dmqquw2Fki",['ad']
Herlo11Herlo,"Love Joji, 88rising, Rich Brian, Posty, MCR, N/S Chicago nerd. Don't you know I love you?","Chicago, IL",287,1233,18777,41,Anyone from cedar city Utah know who these folks are? Theyâ€™re so proud of themselves I donâ€™t see why we canâ€™t help emâ€™ out a little bit #walmart #utah #cedarcity #cedarcityutah #blackface #racist #racists #americanmoment #cancelthem https://t.co/0qPax8C8X8,[]
RAFAELH84775997,,,245,4,209,53,"#ad When you purchase a U by Kotex product at Walmart between now and 11/2 your purchase can trigger TWO donations to the Alliance for Period Supplies! Help end period poverty! Learn more here: https://t.co/bmPLIvOARj #WithUSheCan #UByKotex #Walmart 
@shespeaksup https://t.co/dmqquw2Fki",['ad']
stephsos33,,,49,0,1,0,"$1000 Walmart Gift card giveaway!
CLICK LINK BELOW AND COMPLETE SURVEY
https://t.co/yFTb9qIzZz
#bitcoin #coinbase #walmart","['bitcoin', 'coinbase', 'walmart']"
Christi61131131,asa en ligne,,240,15,207,53,"#ad When you purchase a U by Kotex product at Walmart between now and 11/2 your purchase can trigger TWO donations to the Alliance for Period Supplies! Help end period poverty! Learn more here: https://t.co/bmPLIvOARj #WithUSheCan #UByKotex #Walmart 
@shespeaksup https://t.co/dmqquw2Fki",['ad']
WandajuneHome,"Wanda June Home by Miranda Lambert. Inspired by laughter, love, and memories. Exclusively available at https://t.co/IKDP8fQivZ.",,8,491,99,1,"November 1... Time to decorate!

#WandaJuneHome #MirandaLambert #Walmart #homedecor #homegoods #Christmas #Holiday https://t.co/kvvbLiABn9","['WandaJuneHome', 'MirandaLambert', 'Walmart', 'homedecor', 'homegoods', 'Christmas', 'Holiday']"
DBerthiaumeCSA,Senior Editor Technology at Chain Store Age. RETHINK Retail Top Retail Influencer. Proud #GenX. Opinions are my own.,New England,2193,2883,10455,0,"For a limited time only - #Walmart offers discount subscription membership aimed at #holiday shoppers:
https://t.co/1xcGqBv5e4","['Walmart', 'holiday']"
BlatinoPrinze,"âš You have a problem with my tweets? well visit my website www..kissthedarkpartofmyass..com , there you can get helpful tips on where to stick yo attitude âš ","Brooklyn, NY",5811,5282,1905,41,Anyone from cedar city Utah know who these folks are? Theyâ€™re so proud of themselves I donâ€™t see why we canâ€™t help emâ€™ out a little bit #walmart #utah #cedarcity #cedarcityutah #blackface #racist #racists #americanmoment #cancelthem https://t.co/0qPax8C8X8,[]
mycatmidnite,,,269,147,4617,0,And here we thought prices were bad at dominion ğŸ¤·ğŸ¼â€â™€ï¸#walmart #Inflation #bakingsoda https://t.co/sv6frs26S1,"['walmart', 'Inflation', 'bakingsoda']"
WhisperAmber,"Proud #milspouse. Mother to a son with #autism and a daughter with many opinions. I like chocolate, cheese, and writing. DM for collabs.",,6128,9882,197160,11,"#ad  Everyone should be able to access products that help them through their monthly cycle. See how you can help #UByKotex and #Walmart end period poverty!  

Plus, enter for the chance to #WIN a $50 @Walmart gift card â¡ï¸ https://t.co/fy7DxPoup5

#WithUSheCan @shespeaksup https://t.co/ciCKd5IHwC",['ad']
WhisperAmber,"Proud #milspouse. Mother to a son with #autism and a daughter with many opinions. I like chocolate, cheese, and writing. DM for collabs.",,6128,9882,197160,63,"#ad I love Elayna's passion for stopping period poverty! Learn more and see how you can help too! ğŸ‘‡ğŸ‘‡

https://t.co/YuwkhHf0iE
#WithUSheCan #UByKotex #Walmart 
@shespeaksup",['ad']
piyush_mahamuni,"Human Resource Specialist with a liking towards Sports, Technology, Science & Recruitment.",india,210,124,6044,0,"The Worlds Biggest Employers !

#Walmart #Amazon #USA #India #China https://t.co/yuBhYZ396D","['Walmart', 'Amazon', 'USA', 'India', 'China']"
Lindjo17,"Mother, Grandmother, tennis lover, bowler",Cali,25,66,5376,41,Anyone from cedar city Utah know who these folks are? Theyâ€™re so proud of themselves I donâ€™t see why we canâ€™t help emâ€™ out a little bit #walmart #utah #cedarcity #cedarcityutah #blackface #racist #racists #americanmoment #cancelthem https://t.co/0qPax8C8X8,[]
MelehVolzen,,,425,7,401,53,"#ad When you purchase a U by Kotex product at Walmart between now and 11/2 your purchase can trigger TWO donations to the Alliance for Period Supplies! Help end period poverty! Learn more here: https://t.co/bmPLIvOARj #WithUSheCan #UByKotex #Walmart 
@shespeaksup https://t.co/dmqquw2Fki",['ad']
abdo_gamal47,Short savior,,346,46,503,54,"Let's join Lori in putting a stop to period poverty! #ad See how you can help here ğŸ‘‡ğŸ‘‡ğŸ‘‡

https://t.co/slaSO84vsx #WithUSheCan #UByKotex #Walmart 
@shespeaksup",['ad']
Ashir63,,,38,21,69,54,"Let's join Lori in putting a stop to period poverty! #ad See how you can help here ğŸ‘‡ğŸ‘‡ğŸ‘‡

https://t.co/slaSO84vsx #WithUSheCan #UByKotex #Walmart 
@shespeaksup",['ad']
MdHojrotali20,,,205,13,139,53,"#ad When you purchase a U by Kotex product at Walmart between now and 11/2 your purchase can trigger TWO donations to the Alliance for Period Supplies! Help end period poverty! Learn more here: https://t.co/bmPLIvOARj #WithUSheCan #UByKotex #Walmart 
@shespeaksup https://t.co/dmqquw2Fki",['ad']
BrickSeek,Live Life at Half Price,,9,11737,6745,0,"https://t.co/ZqiXiZ9uKI

ğŸ‘€ We found this 124 count of Diapers for $4 at Walmart! (YMMV)

#brickseek #walmart #clearance https://t.co/p8Ntv0MtqH","['brickseek', 'walmart', 'clearance']"
Personal899,,,5,0,3,53,"#ad When you purchase a U by Kotex product at Walmart between now and 11/2 your purchase can trigger TWO donations to the Alliance for Period Supplies! Help end period poverty! Learn more here: https://t.co/bmPLIvOARj #WithUSheCan #UByKotex #Walmart 
@shespeaksup https://t.co/dmqquw2Fki",['ad']
chiefrays,"NFSA President, former SC SFM, former PVVFD Fire Chief. Work hard, Be non-typical & focus on outcomes that save lives! #thinkingfirefighters #fastestwater","Linthicum Heights, MD",613,2669,7422,8,"#WebsterNY #FireSprinkler System controls fire at #Walmart. #Firefighters finish the job. Employees, customers and firefighters safe! #fastestwater https://t.co/kjlR2uV6R2","['WebsterNY', 'FireSprinkler', 'Walmart', 'Firefighters']"
SabryIb34097059,,,96,7,89,53,"#ad When you purchase a U by Kotex product at Walmart between now and 11/2 your purchase can trigger TWO donations to the Alliance for Period Supplies! Help end period poverty! Learn more here: https://t.co/bmPLIvOARj #WithUSheCan #UByKotex #Walmart 
@shespeaksup https://t.co/dmqquw2Fki",['ad']
Campos20Rene,,VENEZUELA,120,4,27,54,"Let's join Lori in putting a stop to period poverty! #ad See how you can help here ğŸ‘‡ğŸ‘‡ğŸ‘‡

https://t.co/slaSO84vsx #WithUSheCan #UByKotex #Walmart 
@shespeaksup",['ad']
robinsnewswire,"Flying the web for trusted world news reports and shopping discounts 24/7. Retweeting for opinions, useful information, and the many voices of Twitter.",RT's Are FYI Purposes Only,16552,23806,1991278,0,"""LEGO Sale: Up to 40% off + free shipping w/ $35: Deal News"" #Amazon #Ebay #Walmart #Discounts #Coupons #Deals: https://t.co/FAp2zsHbIW","['Amazon', 'Ebay', 'Walmart', 'Discounts', 'Coupons', 'Deals']"
