,username,description,location,following,followers,totaltweets,retweetcount,text,hashtags
0,PSMJAX,"Nonprofit Organization in Jacksonville, Florida
People. Service. Missions.
Faithfully Serving Everyday People
#PSMJax #ConnectingThoseWhoHaveToThoseWhoNeed","Jacksonville, FL",32,40,830,0,"On AmazonSmile (website &amp; App) select our organization so that we can benefit from your eligible purchases. Use this link to choose us as your charity of choice https://t.co/WJGIEV14hq

#PSMJax #Halloween #Walmart #AmazonSmile #OnlineShopping #RoundUp #Donation","['PSMJax', 'Halloween', 'Walmart', 'AmazonSmile', 'OnlineShopping', 'RoundUp', 'Donation']"
1,MetaFlixToken,"A celebrity backed, metaverse entertainment ecosystem that connects fans to entertainers through blockchain and NFTs. Launching soon on the Binance Smart Chain.",,733,4604,784,0,"Companies like #Microsoft, #Walmart &amp; #Meta also once known as ""#Facebook"" are furthering investing, entering &amp; introducing new things in the #Web3.¬†

#Metaverse #Trending #NFT #Crypto #digital","['Microsoft', 'Walmart', 'Meta', 'Facebook', 'Web3', 'Metaverse', 'Trending', 'NFT', 'Crypto', 'digital']"
2,Tickeron,"Follow us to receive trading signals from our A.I.
Disclaimers and Limitations: https://t.co/XKE2RhkwCt","Sunnyvale, CA",740,17739,2033282,0,"$WMT in Uptrend: price expected to rise as it breaks its lower Bollinger Band on October 7, 2022. View odds for this and other indicators: https://t.co/Zevg8idKBR #Walmart #stockmarket #stock https://t.co/txXlncuZg8","['Walmart', 'stockmarket', 'stock']"
3,MediaUnknwn,Unbiased-News.Everyday,,20,1,423,0,Walmart is now selling over-the-counter hearing aids after FDA rule change #walmart #FDA,"['walmart', 'FDA']"
4,USAhotdeal1,Customer service provider,New York ,476,173,997,0,"iBrightstar Newest 9-30V Super Bright Low Power 3157 4157 3057 3156 LED Bulbs with

buy link &gt;&gt; https://t.co/FFkBi3tVyx

#Amazon #AmazonPrime #walmart #eBay #google #Apple #AudioLeaks #NFL #book #USA","['Amazon', 'AmazonPrime', 'walmart', 'eBay', 'google', 'Apple', 'AudioLeaks', 'NFL', 'book', 'USA']"
5,eDAOHQ,"Stuff's getting #Flipped Watch this space tomorrow üëá
https://t.co/A9zS8TE3pL",,51,2803,496,1,Indian e-commerce giant Flipkart launches metaverse shopping experience #ecommercegiant #flipkart #bengaluru #edao #walmart #flipverse #trading #business #entrepreneurship https://t.co/aZexTTSgn6,"['ecommercegiant', 'flipkart', 'bengaluru', 'edao', 'walmart']"
6,gamerkev20141,"Just a geek. I'm into movies, video games, anime, cartoons, and music.","Arizona, USA",881,529,20811,0,Ed Edd n Eddy complete series DVD ! yay #ededdneddy #walmart https://t.co/5SszwzbyVp via @YouTube,"['ededdneddy', 'walmart']"
7,Jccindy1Cynthia,I think too hard and like to investigate stuff in my free time which I have a lot of since I retired,Ohio,571,445,15800,7,"#JaxonTruitt and #AdrianaTruitt are missing from #Hampton #Virginia since 10/16/22 when they were taken from the #Walmart by their Non Custodial Father #TimothyTruitt. 

Hampton Police Division
757-727-6111
Crime Line
888-LOCK-UP

Please #Help and #Share 
#missingchildren #BOLO https://t.co/vKZ22tiyP4","['JaxonTruitt', 'AdrianaTruitt', 'Hampton', 'Virginia', 'Walmart']"
8,USAhotdeal1,Customer service provider,New York ,476,173,997,0,"20 Pieces Car Air Conditioner Decoration Strip for Vent Outlet, Universal Waterproof Bendable Air Vent Outlet Trim Decoration

buy link &gt;&gt; https://t.co/Ow5w28b3PB

#Amazon #walmart #eBay #google #Apple #AmazonPrime #USA #book #warwanarat","['Amazon', 'walmart', 'eBay', 'google', 'Apple', 'AmazonPrime', 'USA', 'book', 'warwanarat']"
9,MauroMoraesJr,"Hey, you can call me MJ. I'm an #entrepreneur. This week's retweet: @SecretAdvert",Berlin,33,30,771,0,"RT @ChartoftheDay_: Among US adults,¬†16%¬†pay for a Walmart+ membership. Those subscribers skew younger:¬†23%¬†of 18- to 34-year-olds pay for the premium, versus just¬†10%¬†of those ages 55 to 65. https://t.co/QCVqACGxr5
#walmart #retail https://t.co/yZXUIKPPSc","['walmart', 'retail']"
10,KellyOl60216704,,,149,18,207,139,"With fall right around the corner, it's time to prep your skin with @SoapandGlory at @Walmart #walmart #ad #soapandglory #FlakeAwayAtWalmart 
https://t.co/gPPw58ZG5C https://t.co/GfKfyViZ18","['walmart', 'ad', 'soapandglory']"
11,KellyOl60216704,,,149,18,207,147,"When it comes to self care, Rida has found the key to a perfect routine (hint hint, you use @SoapandGlory from @Walmart ) #soapandglory #ad #Walmart #FlakeAwayAtWalmart 
https://t.co/uU0p1mFHgR https://t.co/iaYPcN5nhE",[]
12,KellyOl60216704,,,149,18,207,0,"Check out Soap &amp; Glory‚Äôs affordable, fun products &amp; enter to win a $50 Walmart gift card in the @SheSpeaksUp giveaway here https://t.co/3NieParq3D #SoapAndGlory, #FlakeAwayatWalmart, #Walmart #entry","['SoapAndGlory', 'FlakeAwayatWalmart', 'Walmart', 'entry']"
13,KellyOl60216704,,,149,18,207,0,"Celebrate your skin with Soap &amp; Glory body butters and scrubs! Add them to your Walmart cart here: https://t.co/PelY2cvU17 #SoapAndGlory, #FlakeAwayatWalmart, #Walmart #entry","['SoapAndGlory', 'FlakeAwayatWalmart', 'Walmart', 'entry']"
14,USAhotdeal1,Customer service provider,New York ,476,173,997,0,"EPAuto CP285 (CF10285) Premium Cabin Air Filter includes Activated Carbon

buy link &gt;&gt; https://t.co/oruzJy3Bzn

#Amazon #AmazonPrime #walmart #eBay #google #Apple #NFTCommunity #NFL #BBNajia7 #book #USA","['Amazon', 'AmazonPrime', 'walmart', 'eBay', 'google', 'Apple', 'NFTCommunity', 'NFL', 'BBNajia7', 'book', 'USA']"
15,cpgconnect,Canada's #1 Job Board and Networking Site for the Consumer Packaged Goods and Retail Industry!,Canada,95,1175,37518,1,"Walmart Canada to sell Ontario-based Mastronardi Produce strawberries‚Ä¶ https://t.co/p3KwwiMWhC For more CPG | Retail News, visit: https://t.co/hE4zdFaPlS #Walmart #MastronardiProduce #CPG #ConsumerGoods #FMCG #FastMovingConsumerGoods #Retail #News #CPGConnectNews","['Walmart', 'MastronardiProduce', 'CPG', 'ConsumerGoods', 'FMCG', 'FastMovingConsumerGoods', 'Retail', 'News', 'CPGConnectNews']"
16,secretadvert,Exploring what the world is searching with #digitalanalytics #digitalanalyst. This week's retweet: @eMarketer,,83,690,426,0,"RT @ChartoftheDay_: Among US adults,¬†16%¬†pay for a Walmart+ membership. Those subscribers skew younger:¬†23%¬†of 18- to 34-year-olds pay for the premium, versus just¬†10%¬†of those ages 55 to 65. https://t.co/8sppT1rJE5
#walmart #retail https://t.co/u1NWlC6nXm","['walmart', 'retail']"
17,USAhotdeal1,Customer service provider,New York ,476,173,997,0,"Humixx Shockproof Designed for Google Pixel 7 Pro Case [Military Grade Drop Tested] [Ultimate Silky Touch]

buy link &gt;&gt; https://t.co/9t0toLMwDV

#Amazon #AmazonPrime #walmart #eBay #google #Apple #NFL #USA #book #books","['Amazon', 'AmazonPrime', 'walmart', 'eBay', 'google', 'Apple', 'NFL', 'USA', 'book', 'books']"
18,stars2p,,,787,1119,179513,7,"#JaxonTruitt and #AdrianaTruitt are missing from #Hampton #Virginia since 10/16/22 when they were taken from the #Walmart by their Non Custodial Father #TimothyTruitt. 

Hampton Police Division
757-727-6111
Crime Line
888-LOCK-UP

Please #Help and #Share 
#missingchildren #BOLO https://t.co/vKZ22tiyP4","['JaxonTruitt', 'AdrianaTruitt', 'Hampton', 'Virginia', 'Walmart']"
19,robinsnewswire,"Flying the web for trusted world news reports and shopping discounts 24/7. Retweeting for opinions, useful information, and the many voices of Twitter.",RT's Are FYI Purposes Only,16579,23817,1984844,0,"""3-Pack Ailun Glass Screen Protector for iPhone only $6.78: eDeal Info"" #Amazon #Ebay #Walmart #Discounts #Coupons #Deals: https://t.co/j0yNnGlckn","['Amazon', 'Ebay', 'Walmart', 'Discounts', 'Coupons', 'Deals']"
20,robinsnewswire,"Flying the web for trusted world news reports and shopping discounts 24/7. Retweeting for opinions, useful information, and the many voices of Twitter.",RT's Are FYI Purposes Only,16579,23817,1984844,0,"""50-Pieces Fidget Toys Set only $21.56: eDeal Info"" #Amazon #Ebay #Walmart #Discounts #Coupons #Deals: https://t.co/Br8wYLPZpS","['Amazon', 'Ebay', 'Walmart', 'Discounts', 'Coupons', 'Deals']"
21,robinsnewswire,"Flying the web for trusted world news reports and shopping discounts 24/7. Retweeting for opinions, useful information, and the many voices of Twitter.",RT's Are FYI Purposes Only,16579,23817,1984844,0,"""ASOGO Floor Mop with a Refillable Spray Bottle and 3 Washable Pads only $13.99: eDeal Info"" #Amazon #Ebay #Walmart #Discounts #Coupons #Deals: https://t.co/Hhk2tiFvTb","['Amazon', 'Ebay', 'Walmart', 'Discounts', 'Coupons', 'Deals']"
22,robinsnewswire,"Flying the web for trusted world news reports and shopping discounts 24/7. Retweeting for opinions, useful information, and the many voices of Twitter.",RT's Are FYI Purposes Only,16579,23817,1984844,0,"""SmileMart Adjustable Ergonomic Gaming Chair with Footrest Backrest only $115.00: eDeal Info"" #Amazon #Ebay #Walmart #Discounts #Coupons #Deals: https://t.co/P7a3Dp6xe0","['Amazon', 'Ebay', 'Walmart', 'Discounts', 'Coupons', 'Deals']"
23,ppcsemseo,"All things PPC, SEM and SEO!",,1238,964,88127,0,"RT @ChartoftheDay_: Among US adults,¬†16%¬†pay for a Walmart+ membership. Those subscribers skew younger:¬†23%¬†of 18- to 34-year-olds pay for the premium, versus just¬†10%¬†of those ages 55 to 65. https://t.co/SCzyxFtUza
#walmart #retail https://t.co/xg7ZFvVfpW","['walmart', 'retail']"
24,EricStoffle,"I write thrillers and more. The Trespass is a mystery featuring dogged former detective Joe Rampone and his partner, Jamie Kelly. No holds barred!",,10657,20953,198407,2,Thank you to our thousands of fabulous #CaptainsPoint readers. We love YOU!!! 5***** reviews! https://t.co/bcOb2Lt8Cr #amwriting #amreading #HEA #romance #saga #Kindle #Audible #iTunes #Kobo #Walmart #Nook #BookBoost #TW4RW #wowbooks #SWRTG #TW4RW #authorRT ‚ô• https://t.co/swt2YwXhTC,['CaptainsPoint']
25,USAhotdeal1,Customer service provider,New York ,476,173,997,0,"Energizer Jumper Cables for Car Battery, Heavy Duty Automotive Booster Cables for Jump Starting Dead or Weak Batteries with Carrying Bag Included (16-Feet (6-Gauge)

buy link &gt;&gt; https://t.co/DPLbeyyzoa

#Amazon #walmart #eBay #google #Apple #NFL #book #USA #HardikPandya","['Amazon', 'walmart', 'eBay', 'google', 'Apple', 'NFL', 'book', 'USA', 'HardikPandya']"
26,CrazyFuckingVid,Follow for tons of crazy videos and also if you love watching crazy videos ü§™‚úåÔ∏è,,1,45,343,0,#Customer harasses #Walmart employee till she has a breakdown ...#PublicFreakout https://t.co/2WRKgFHPZO,"['Customer', 'Walmart', 'PublicFreakout']"
27,USAhotdeal1,Customer service provider,New York ,476,173,997,0,"Bosch ICON 26A Wiper Blade, Up to 40% Longer Life* - 26"" (Pack of 1)

buy link &gt;&gt; https://t.co/GYNcTD6dLD

#Amazon #walmart #Apple #eBay #google #book #USA #NFTCommunity #NFL","['Amazon', 'walmart', 'Apple', 'eBay', 'google', 'book', 'USA', 'NFTCommunity', 'NFL']"
28,USAhotdeal1,Customer service provider,New York ,476,173,997,0,"TORRAS Magnetic Designed for iPhone 14 Pro Case, [Military Grade Drop Tested] [Compatible with MagSafe] Slim Protective Translucent Matte Case Compatible for iPhone 14 Pro Case
buy link &gt;&gt; https://t.co/CXF1SiZnlE

#Amazon #walmart #eBay #google #Apple #NFTCommunity #USA #book","['Amazon', 'walmart', 'eBay', 'google', 'Apple', 'NFTCommunity', 'USA', 'book']"
29,IntelInsider,"Unlocking digital opportunities with the world‚Äôs most trusted forecasts, analysis, and benchmarks.",,190,20379,15804,3,"Among US adults,¬†16%¬†pay for a Walmart+ membership. Those subscribers skew younger:¬†23%¬†of 18- to 34-year-olds pay for the premium, versus just¬†10%¬†of those ages 55 to 65. https://t.co/JwTCSzDpWb
#walmart #retail https://t.co/YzWW3mpsA6",[]
30,USAhotdeal1,Customer service provider,New York ,476,173,997,0,"MOTIUM OEM QUALITY Premium All-Season Windshield Wiper Blades (22""+22"" pair for front windshield)

buy link &gt;&gt; https://t.co/5dqRKfjogH

#Amazon #AmazonPrime #walmart #Apple #book #USA #google #NFL #Japan","['Amazon', 'AmazonPrime', 'walmart', 'Apple', 'book', 'USA', 'google', 'NFL', 'Japan']"
31,USAhotdeal1,Customer service provider,New York ,476,173,997,0,"Battery Tender Junior 12V Charger and Maintainer: Automatic 12V Powersports Battery Charger and Maintainer for Motorcycle

buy link &gt;&gt; https://t.co/UgfUcfxp7f

#Amazon #AmazonPrime #walmart #google #Apple #NFL #book #USA #BBNajia7 #Japan","['Amazon', 'AmazonPrime', 'walmart', 'google', 'Apple', 'NFL', 'book', 'USA', 'BBNajia7', 'Japan']"
32,Ankit729456381,"Digital Marketing Specialist, Startup Passionate, Strategy Maker, Researcher, Passionate for Online Marketing, Consultant & Freelancer. That's all about myself.",United States,131,75,2313,3,"Among US adults,¬†16%¬†pay for a Walmart+ membership. Those subscribers skew younger:¬†23%¬†of 18- to 34-year-olds pay for the premium, versus just¬†10%¬†of those ages 55 to 65. https://t.co/JwTCSzDpWb
#walmart #retail https://t.co/YzWW3mpsA6",[]
33,YogiYarntail,A traveller on the evolutionary roads of life. Adding colour and contextual ideas to the otherwise monochrome world in which many prefer to live contained.,,5001,1831,50789,1,"One of my #bestseller #designs #FieldofSummerGlory  By #Yogiyarntailandme @ #Spoonflower is also #forsale on #Etsy #Amazon #Ebay and #Walmart

https://t.co/Yune8eCbhP

https://t.co/EwGSjlg9oI

https://t.co/zz2P1vCvwG

https://t.co/irRh1hloRh https://t.co/zHkcu5Fu6J","['bestseller', 'designs', 'FieldofSummerGlory', 'Yogiyarntailandme', 'Spoonflower', 'forsale', 'Etsy']"
34,USAhotdeal1,Customer service provider,New York ,476,173,997,0,"CERAKOTE Ceramic Headlight Restoration Kit ‚Äì Guaranteed to Last As Long As You Own Your Vehicle ‚Äì Brings Headlights Back to Like New Condition - 3

buy link &gt;&gt; https://t.co/TVXpEmXrXW

#Amazon #AmazonPrime #walmart #google #Apple #NFL #USA #book #BBNajia7","['Amazon', 'AmazonPrime', 'walmart', 'google', 'Apple', 'NFL', 'USA', 'book', 'BBNajia7']"
35,eMarketer,"eMarketer and Business Insider Intelligence are now Insider Intelligence, the research authority on digital transformation.
@IntelInsider","New York, NY",2458,290265,31815,3,"Among US adults,¬†16%¬†pay for a Walmart+ membership. Those subscribers skew younger:¬†23%¬†of 18- to 34-year-olds pay for the premium, versus just¬†10%¬†of those ages 55 to 65. https://t.co/JwTCSzDpWb
#walmart #retail https://t.co/YzWW3mpsA6",[]
36,Ommyonet,"A New age of economy by building the first mover on this new realm. 

Just open today for register! üëáüèº",,58,3451,225,0,"Flipkart introduces metaverse buying experience with Flipverse!

Read the complete article-

https://t.co/4VW8EhdPQb

#FlipkartBigBillionDays #Flipkart #flipverse #ecommerce #Metaverse #metaverseproject #ommyonews #shoppingonline #VirtualReality #walmart","['FlipkartBigBillionDays', 'Flipkart', 'flipverse', 'ecommerce', 'Metaverse', 'metaverseproject', 'ommyonews', 'shoppingonline', 'VirtualReality', 'walmart']"
37,USAhotdeal1,Customer service provider,New York ,476,173,997,0,"GOOACC 240PCS Bumper Retainer Clips Car Plastic Rivets Fasteners Push Retainer Kit Most Popular Sizes Auto Push Pin Rivets Set -Door Trim Panel Fender Clips for GM Ford Toyota Honda Chrysler

buy link&gt;&gt; https://t.co/qM1X2WQqeU

#Amazon #walmart #Apple #google #NFL #USA #book","['Amazon', 'walmart', 'Apple', 'google', 'NFL', 'USA', 'book']"
38,promoSpricedrop,"We participate in Amazon Services LLC Associates Program, and   EPN,LS,CJ  IR ,and may earn a commission on any qualifying purchases at no cost to you. #coupon",Northern Kentucky,4232,11905,252869,0,"‚ùó‚ùó #RollBack ‚ùó‚ùó 
üîóhttps://t.co/A6QM44z66q
‚úÖLet us know if you scored it
‚è∞Limited time offerüö´No Promo-code/product guarantee
üëâAs an Affiliate I earn from qualifying purchases
(ad)#deal #sale #walmart https://t.co/1xJ5kwppyd","['RollBack', 'deal', 'sale', 'walmart']"
39,IBRA_SALLAM88,"Twitter for me is to publish my opinions to the unknown people freely without any barriers or judgment. I'm a big fan of Philly teams, so as Real Madrid & MCI",USA,2875,2417,34199,0,"@fluffyguy it was a beautiful night in Reading, PA. We enjoyed seeing you and hearing your jokes. Hope to see you again soon ‚ù§Ô∏èüíØ

Just tiny tip to Martin and Alfredo, please tell them as a friend to change thier 'repeated jokes' about #Walmart and his old mom smh, just boring ..",['Walmart']
40,DaisyClover20,"I love Jesus and Justice ‚öñÔ∏èü¶ãBring home the missingü¶ã üéóProtect the childenüõëStop DV
#JaneEllensTears 

üáÆüá± üá∫üá¶",üá∫üá∏,611,322,5755,3,"#JaxonTruitt and #AdrianaTruitt are missing from #Hampton #Virginia since 10/16/22 when they were taken from the #Walmart by their Non Custodial Father #TimothyTruitt. 

Hampton Police Division
757-727-6111
Crime Line
888-LOCK-UP

Please #Help and #Share 
#missingchildren #BOLO https://t.co/HsUwbVIoRT https://t.co/joBChhQ3xb","['JaxonTruitt', 'AdrianaTruitt', 'Hampton', 'Virginia']"
41,8thandWalton,"A Bentonville, Arkansas based supplier education company focused solely on supporting Wal-Mart suppliers","Bentonville, Arkansas",2202,2488,12638,0,"The next #Walmart Accounting, Invoicing &amp; Deductions class is happening Oct. 20. Click for class details and to reserve your spot! #accounting #retail
https://t.co/zZ2rW0IkqZ https://t.co/WhNLbR60dl","['Walmart', 'accounting', 'retail']"
42,SupplyPike,"Retail data is hard. It doesn‚Äôt have to be. Our cloud software helps you see and do more with your Walmart data, so you can grow your business.","Arkansas, USA",115,154,711,0,"Want to learn more about disputing #OTIF fines? üß†

Join us Thursday, October 20th at 11:00 AM CT as we discuss disputing OTIF fines with your buyer and in HighRadius.

Reserve your spotüëá
https://t.co/HKfUHIjp7W

#Walmart #suppliers #OnTime #InFull","['OTIF', 'Walmart', 'suppliers', 'OnTime', 'InFull']"
43,KcAllen76921449,Big heart do g cross me tho,,1,0,20,0,Walmart https://t.co/shVYMN0WMo #Walmart,['Walmart']
44,DebraBouchard10,Country girl,,94,21,960,7,"#JaxonTruitt and #AdrianaTruitt are missing from #Hampton #Virginia since 10/16/22 when they were taken from the #Walmart by their Non Custodial Father #TimothyTruitt. 

Hampton Police Division
757-727-6111
Crime Line
888-LOCK-UP

Please #Help and #Share 
#missingchildren #BOLO https://t.co/vKZ22tiyP4","['JaxonTruitt', 'AdrianaTruitt', 'Hampton', 'Virginia', 'Walmart']"
45,BookRecommende2,I love all Authors in the worldüíì Etc. I aim to encourage Readers to read more books. Feel free to tag us #Buildlibraries #SupportWriters  #WritingCommunity,Global,0,2397,58474,1,Love is a journey. https://t.co/SK3GGbsLvL Isn‚Äôt it time YOU journeyed to #CaptainsPoint ‚Äì Top in their categories - 5***** reviews! #SmallTown #Romance #Saga #Kindle #Audible #Kobo #Walmart #Nook #BookBoost #SWRTG #authorRT ‚ô• https://t.co/SW1rshQ7fm,['CaptainsPoint']
46,Badass_Reads,,United States,82,803,90774,2,Parisian Ghosts by @CharlotteKent20 https://t.co/ibUMSMYOZh Past events &amp; strange sightings haunt a postponed honeymoon! #CaptainsPoint #Romance #Ghosts #Kobo #Nook #Walmart #Audible #iTunes #BookBlast #SNRTG #TW4RW #authorRT ‚ô• https://t.co/XCpZAEVQE6,[]
47,BookRecommende2,I love all Authors in the worldüíì Etc. I aim to encourage Readers to read more books. Feel free to tag us #Buildlibraries #SupportWriters  #WritingCommunity,Global,0,2397,58474,1,"A Clue for Adrianna: Small town, beach, great guys‚Äìwhat‚Äôs not to like, right? https://t.co/SK3GGbsLvL It doesn‚Äôt get better than #CaptainsPoint #Romance #Audible #iTunes #Kobo #Nook #Walmart #Bookplugs #SWRTG #MustRead #authorRT ‚ô• https://t.co/vhydCCAUfP",[]
48,Glenda37241419,He will cover you with his feathers. He will shelter you with his wings. His faithful promises are your armor and protection. Psalms 91:4,,1398,1884,91645,3,"#JaxonTruitt and #AdrianaTruitt are missing from #Hampton #Virginia since 10/16/22 when they were taken from the #Walmart by their Non Custodial Father #TimothyTruitt. 

Hampton Police Division
757-727-6111
Crime Line
888-LOCK-UP

Please #Help and #Share 
#missingchildren #BOLO https://t.co/HsUwbVIoRT https://t.co/joBChhQ3xb","['JaxonTruitt', 'AdrianaTruitt', 'Hampton', 'Virginia']"
49,BookRecommende2,I love all Authors in the worldüíì Etc. I aim to encourage Readers to read more books. Feel free to tag us #Buildlibraries #SupportWriters  #WritingCommunity,Global,0,2397,58474,1,It‚Äôs cheaper to travel to Captain‚Äôs Point than anywhere else in the world! https://t.co/8Ypkw8Sgxv No passport needed! 5***** reviewed. #SmallTown #Romance #saga #HEA #Kindle #Kobo #Nook #Walmart #BookBoost #SWRTG #IARTG #TW4RW ‚ô• https://t.co/fRurHOiuCm,[]
50,BookRecommende2,I love all Authors in the worldüíì Etc. I aim to encourage Readers to read more books. Feel free to tag us #Buildlibraries #SupportWriters  #WritingCommunity,Global,0,2397,58474,2,Parisian Ghosts by @CharlotteKent20 https://t.co/ibUMSMYOZh Past events &amp; strange sightings haunt a postponed honeymoon! #CaptainsPoint #Romance #Ghosts #Kobo #Nook #Walmart #Audible #iTunes #BookBlast #SNRTG #TW4RW #authorRT ‚ô• https://t.co/XCpZAEVQE6,[]
51,BookRecommende2,I love all Authors in the worldüíì Etc. I aim to encourage Readers to read more books. Feel free to tag us #Buildlibraries #SupportWriters  #WritingCommunity,Global,0,2397,58474,2,Thank you to our thousands of fabulous #CaptainsPoint readers. We love YOU!!! 5***** reviews! https://t.co/bcOb2Lt8Cr #amwriting #amreading #HEA #romance #saga #Kindle #Audible #iTunes #Kobo #Walmart #Nook #BookBoost #TW4RW #wowbooks #SWRTG #TW4RW #authorRT ‚ô• https://t.co/swt2YwXhTC,['CaptainsPoint']
52,robertstanek,"Dad. Husband. Writer for 35 years. Author of 250+ books pubd by Pearson, Macmillan, McGraw Hill, O'Reilly, Microsoft & more. Visit: https://t.co/i1sBRhPV90 360studios.",In a wee house in Bugville,1414,69857,7882,0,"A #celebration of #art and #books

#Walmart https://t.co/CL3ANhP2K7
#BN https://t.co/0ML7CnOlMW
#Play https://t.co/Iq7DSWhWda
#iTunes https://t.co/NbrhslyYFA
#Amazon https://t.co/YjanSBZnVB

#twitterbooks #googlebooks #lareviewofbooks #latimesbooks #powells #nytimesbooks https://t.co/ECVsZzkSpm","['celebration', 'art', 'books', 'Walmart', 'BN', 'Play', 'iTunes', 'Amazon', 'twitterbooks', 'googlebooks', 'lareviewofbooks', 'latimesbooks', 'powells', 'nytimesbooks']"
53,mommaof_5,mom of 5.   autism mom... awareness acceptance advocate,"Delta, British Columbia",924,145,12708,3,"#JaxonTruitt and #AdrianaTruitt are missing from #Hampton #Virginia since 10/16/22 when they were taken from the #Walmart by their Non Custodial Father #TimothyTruitt. 

Hampton Police Division
757-727-6111
Crime Line
888-LOCK-UP

Please #Help and #Share 
#missingchildren #BOLO https://t.co/HsUwbVIoRT https://t.co/joBChhQ3xb","['JaxonTruitt', 'AdrianaTruitt', 'Hampton', 'Virginia']"
54,BBM1208,Married Mom of 2 #HailState üê∂üêæStay in your lane.,"Mississippi, USA",222,78,6290,7,"#JaxonTruitt and #AdrianaTruitt are missing from #Hampton #Virginia since 10/16/22 when they were taken from the #Walmart by their Non Custodial Father #TimothyTruitt. 

Hampton Police Division
757-727-6111
Crime Line
888-LOCK-UP

Please #Help and #Share 
#missingchildren #BOLO https://t.co/vKZ22tiyP4","['JaxonTruitt', 'AdrianaTruitt', 'Hampton', 'Virginia', 'Walmart']"
55,TrueCrimeSister,Missing person awareness team & non-profit organization ‚ÄòVoice For The Voiceless‚Äô - 501c3 ‚û°Ô∏è @AwarenessTCS üíô‚ù§Ô∏èüß°üíõ https://t.co/N6Id5bkgRk,,163,3279,5670,3,"#JaxonTruitt and #AdrianaTruitt are missing from #Hampton #Virginia since 10/16/22 when they were taken from the #Walmart by their Non Custodial Father #TimothyTruitt. 

Hampton Police Division
757-727-6111
Crime Line
888-LOCK-UP

Please #Help and #Share 
#missingchildren #BOLO https://t.co/HsUwbVIoRT https://t.co/joBChhQ3xb","['JaxonTruitt', 'AdrianaTruitt', 'Hampton', 'Virginia', 'Walmart', 'TimothyTruitt', 'Help', 'Share', 'missingchildren', 'BOLO']"
56,YogiYarntail,A traveller on the evolutionary roads of life. Adding colour and contextual ideas to the otherwise monochrome world in which many prefer to live contained.,,5001,1831,50789,1,"One of my #bestseller #designs #FieldofSummerGlory  By #Yogiyarntailandme @ #Spoonflower is also #forsale on #Etsy #Amazon #Ebay and #Walmart

https://t.co/Yune8eCbhP

https://t.co/EwGSjlg9oI

https://t.co/zz2P1vCvwG

https://t.co/irRh1hloRh https://t.co/zHkcu5Fu6J","['bestseller', 'designs', 'FieldofSummerGlory', 'Yogiyarntailandme', 'Spoonflower', 'forsale', 'Etsy', 'Amazon', 'Ebay', 'Walmart']"
57,jancesmom,My son was diagnosed having a brain tumor in May of this year. he has not been in touch with family or friends since June 1st. We are extremely worried.,United States,449,234,834,7,"#JaxonTruitt and #AdrianaTruitt are missing from #Hampton #Virginia since 10/16/22 when they were taken from the #Walmart by their Non Custodial Father #TimothyTruitt. 

Hampton Police Division
757-727-6111
Crime Line
888-LOCK-UP

Please #Help and #Share 
#missingchildren #BOLO https://t.co/vKZ22tiyP4","['JaxonTruitt', 'AdrianaTruitt', 'Hampton', 'Virginia', 'Walmart']"
58,WalmartSellers,Reach more. Sell better. Walmart Marketplace is one of the fastest-growing eCommerce platforms in the U.S. Not a seller yet? Visit our website and join today!,San Bruno,0,157,14,0,"Discover how Walmart Marketplace can help your business grow this holiday season. Tune into our recent webinar for strategic tips: https://t.co/JTk0V2pwWc

#Walmart #WalmartMarketplace #Marketplace #Youtube #Webinar #eCommerce #Holiday #Season #Strategies","['Walmart', 'WalmartMarketplace', 'Marketplace', 'Youtube', 'Webinar', 'eCommerce', 'Holiday', 'Season', 'Strategies']"
59,CharlotteKent20,Pseudonym used by @Annie_Acorn and @JulietteHill1 for their Captain‚Äôs Point #romance #novel #womensfiction #familysaga series http://t.co/WMYV8qDVbp,,23921,26275,228553,2,Thank you to our thousands of fabulous #CaptainsPoint readers. We love YOU!!! 5***** reviews! https://t.co/bcOb2Lt8Cr #amwriting #amreading #HEA #romance #saga #Kindle #Audible #iTunes #Kobo #Walmart #Nook #BookBoost #TW4RW #wowbooks #SWRTG #TW4RW #authorRT ‚ô• https://t.co/swt2YwXhTC,"['CaptainsPoint', 'amwriting', 'amreading', 'HEA', 'romance', 'saga', 'Kindle', 'Audible', 'iTunes', 'Kobo', 'Walmart', 'Nook', 'BookBoost', 'TW4RW', 'wowbooks', 'SWRTG', 'TW4RW', 'authorRT']"
60,arain4you,,"Karachi, Pakistan",337,24,680,3,"We are grateful for all the brands who gave a helping hand in the times of crisis. Thank you @Walmart for your support.

#HANDSPakistan #Walmart #FloodsInPakistan #Floods2022 https://t.co/yDRjw74OtE",[]
61,CharlotteKent20,Pseudonym used by @Annie_Acorn and @JulietteHill1 for their Captain‚Äôs Point #romance #novel #womensfiction #familysaga series http://t.co/WMYV8qDVbp,,23921,26275,228553,2,Parisian Ghosts by @CharlotteKent20 https://t.co/ibUMSMYOZh Past events &amp; strange sightings haunt a postponed honeymoon! #CaptainsPoint #Romance #Ghosts #Kobo #Nook #Walmart #Audible #iTunes #BookBlast #SNRTG #TW4RW #authorRT ‚ô• https://t.co/XCpZAEVQE6,"['CaptainsPoint', 'Romance', 'Ghosts', 'Kobo', 'Nook', 'Walmart', 'Audible', 'iTunes', 'BookBlast', 'SNRTG', 'TW4RW', 'authorRT']"
62,niqueWBAB,Midday DJ at Long Island's only classic rock @1023WBAB.  https://t.co/5ia5ykaN4S | computer nerd | dog lover |  I've got dreams I'm livin for,Long Island,378,216,1116,1,People of #Walmart include.......@BillyFGibbons¬†üòé  He surprised shoppers before @ZZTop¬†'s show in PA: https://t.co/svNgwr3Znw No reported Billy sightings at Marshall's in #Huntington before the @TheParamountNY¬†show......that we know of ~ @niqueWBAB https://t.co/rGXVYqxKj0,['Walmart']
63,lindsey_311,…™…¥·¥õ·¥è ·¥õ ú·¥á ·¥Ö·¥Ä Ä·¥ã ·¥Ä…¥·¥Ö Íú±·¥ò·¥è·¥è·¥ã è ·¥õ ú…™…¥…¢Íú± …™…¥  ü…™Íú∞·¥á‚Ä¶ ·¥Ä…¥·¥Ö ·¥ã…™·¥õ·¥õ·¥á…¥Íú±  #·¥ç·¥ò·¥Ä // #…¥ ô·¥ç,illinois // iowa // wisconsin,354,157,2977,10,"üö®üö®PLEASE SHARE!!üö®üö®

#IsabellaNail is #MISSING. She is a freshman at #LeesvilleHS, and was last seen at #Walmart in the #BrierCreek community.

If you have ANY info, please call #RaleighPD at 919-831-6311. 

#SeeSomethingSaySomething 
#BREAKING 
#RaleighNC 
#NorthCarolina https://t.co/WxVGTZQ2ig","['IsabellaNail', 'MISSING', 'LeesvilleHS', 'Walmart']"
64,CharlotteKent20,Pseudonym used by @Annie_Acorn and @JulietteHill1 for their Captain‚Äôs Point #romance #novel #womensfiction #familysaga series http://t.co/WMYV8qDVbp,,23921,26275,228553,1,It‚Äôs cheaper to travel to Captain‚Äôs Point than anywhere else in the world! https://t.co/8Ypkw8Sgxv No passport needed! 5***** reviewed. #SmallTown #Romance #saga #HEA #Kindle #Kobo #Nook #Walmart #BookBoost #SWRTG #IARTG #TW4RW ‚ô• https://t.co/fRurHOiuCm,"['SmallTown', 'Romance', 'saga', 'HEA', 'Kindle', 'Kobo', 'Nook', 'Walmart', 'BookBoost', 'SWRTG', 'IARTG', 'TW4RW']"
65,CharlotteKent20,Pseudonym used by @Annie_Acorn and @JulietteHill1 for their Captain‚Äôs Point #romance #novel #womensfiction #familysaga series http://t.co/WMYV8qDVbp,,23921,26275,228553,1,"A Clue for Adrianna: Small town, beach, great guys‚Äìwhat‚Äôs not to like, right? https://t.co/SK3GGbsLvL It doesn‚Äôt get better than #CaptainsPoint #Romance #Audible #iTunes #Kobo #Nook #Walmart #Bookplugs #SWRTG #MustRead #authorRT ‚ô• https://t.co/vhydCCAUfP","['CaptainsPoint', 'Romance', 'Audible', 'iTunes', 'Kobo', 'Nook', 'Walmart', 'Bookplugs', 'SWRTG', 'MustRead', 'authorRT']"
66,KTourt,A broken crayon still colors.,"New York, USA",853,459,7485,7,"#JaxonTruitt and #AdrianaTruitt are missing from #Hampton #Virginia since 10/16/22 when they were taken from the #Walmart by their Non Custodial Father #TimothyTruitt. 

Hampton Police Division
757-727-6111
Crime Line
888-LOCK-UP

Please #Help and #Share 
#missingchildren #BOLO https://t.co/vKZ22tiyP4","['JaxonTruitt', 'AdrianaTruitt', 'Hampton', 'Virginia', 'Walmart']"
67,CharlotteKent20,Pseudonym used by @Annie_Acorn and @JulietteHill1 for their Captain‚Äôs Point #romance #novel #womensfiction #familysaga series http://t.co/WMYV8qDVbp,,23921,26275,228553,1,Love is a journey. https://t.co/SK3GGbsLvL Isn‚Äôt it time YOU journeyed to #CaptainsPoint ‚Äì Top in their categories - 5***** reviews! #SmallTown #Romance #Saga #Kindle #Audible #Kobo #Walmart #Nook #BookBoost #SWRTG #authorRT ‚ô• https://t.co/SW1rshQ7fm,"['CaptainsPoint', 'SmallTown', 'Romance', 'Saga', 'Kindle', 'Audible', 'Kobo', 'Walmart', 'Nook', 'BookBoost', 'SWRTG', 'authorRT']"
68,CharlotteKent20,Pseudonym used by @Annie_Acorn and @JulietteHill1 for their Captain‚Äôs Point #romance #novel #womensfiction #familysaga series http://t.co/WMYV8qDVbp,,23921,26275,228553,0,Today in #CaptainsPoint ‚Äì Chase spent two hours planning a weekend staycation for him and the love of his life. https://t.co/bcOb2LaZoj Don‚Äôt be left out! 5***** reviews! #SmallTown #HEA #Romance #saga #Kindle #Audible #Nook #Kobo #Walmart #iTunes #SNRTG ‚ô• https://t.co/MvW5d0NCuB,"['CaptainsPoint', 'SmallTown', 'HEA', 'Romance', 'saga', 'Kindle', 'Audible', 'Nook', 'Kobo', 'Walmart', 'iTunes', 'SNRTG']"
69,AndyTComedy,"Dad first - Standup Comedian

Comedy Training: Second City, Jerry Corley, Nate Jackson's Super Funny Comedy Club

Platforms: @andytcomedy

Talk to me. I'm bored",,1620,367,269,0,Don‚Äôt buy #condoms at #Walmart https://t.co/IL1qPJecns,"['condoms', 'Walmart']"
70,CharlotteKent20,Pseudonym used by @Annie_Acorn and @JulietteHill1 for their Captain‚Äôs Point #romance #novel #womensfiction #familysaga series http://t.co/WMYV8qDVbp,,23921,26275,228553,0,Welcome to #CaptainsPoint - where love rules! https://t.co/bcOb2Lt8Cr Don‚Äôt be left out! 5***** reviews! #SmallTown #HEA #Romance #saga #Kindle #Audible #Nook #Kobo #Walmart #iTunes #SNRTG ‚ô• https://t.co/CoiCqGDHSU,"['CaptainsPoint', 'SmallTown', 'HEA', 'Romance', 'saga', 'Kindle', 'Audible', 'Nook', 'Kobo', 'Walmart', 'iTunes', 'SNRTG']"
71,tornbeanbag,only dead men know what happens to dead men,minds of those loving me,443,226,5347,1,"We are considering priority support for #Flipkart #India , #Tokopedia #Indonesia , #Walmart #US  on our #dApp, and any other store that you would like us to support. For us to consider support for your favourite store, kindly fill the form: https://t.co/uaIA53Il3S #ALGO","['Flipkart', 'India', 'Tokopedia', 'Indonesia', 'Walmart', 'US', 'dApp']"
72,airsick365,CEO of Davila Holdings LLC,Planet Earth,15,21,270,0,@DrinkMilos @Walmart This is disgusting ü§¨ü§¢ The distributor was stocking the fridge and personally handed them to me. I opened one now and almost ü§ÆLook at exp dates and receipt date for verification. Unacceptable! I expect this situation fixed ASAP. #milos #walmart https://t.co/wErLxhT8qi,"['milos', 'walmart']"
73,wizardglick,"sysadmin-musician-craftsman
Radical Constitutionalismist
Just a loud-mouthed Yankee",By God SouthWestern PA,509,203,7994,0,Thank not very much #walmart for screwing up my tire order*again*,['walmart']
74,ColinEllison14,"Military Vet, Corporate Vulnerability, Risk, and Threat Assessment Analyst, Project Manager. RT # Endorsement","Texas, USA",535,176,50429,13,"#Video capturing brutal assaults taking place like this one in a #Walmart are becoming a daily occurrence.

#Lawlessness has exponentially exploded &amp; will only get worse till progressives quit enacting soft on #crime policies &amp; stop demonizing #LawEnforcement.

#DefundThePolice https://t.co/KQGwRszQ5s","['Video', 'Walmart', 'Lawlessness']"
75,Ari83Von,,,2282,64,8085,139,"With fall right around the corner, it's time to prep your skin with @SoapandGlory at @Walmart #walmart #ad #soapandglory #FlakeAwayAtWalmart 
https://t.co/gPPw58ZG5C https://t.co/GfKfyViZ18","['walmart', 'ad', 'soapandglory']"
76,Ari83Von,,,2282,64,8085,147,"When it comes to self care, Rida has found the key to a perfect routine (hint hint, you use @SoapandGlory from @Walmart ) #soapandglory #ad #Walmart #FlakeAwayAtWalmart 
https://t.co/uU0p1mFHgR https://t.co/iaYPcN5nhE",[]
77,Nicoleferr73,life‚Äôs too short‚Ä¶ take a chance,Cali,122,441,5074,10,"üö®üö®PLEASE SHARE!!üö®üö®

#IsabellaNail is #MISSING. She is a freshman at #LeesvilleHS, and was last seen at #Walmart in the #BrierCreek community.

If you have ANY info, please call #RaleighPD at 919-831-6311. 

#SeeSomethingSaySomething 
#BREAKING 
#RaleighNC 
#NorthCarolina https://t.co/WxVGTZQ2ig","['IsabellaNail', 'MISSING', 'LeesvilleHS', 'Walmart']"
78,rickwatson,eCommerce Influencer and Strategy Consultant | CEO & Founder RMW Commerce Consulting | Helping Private Equity Grow Digital Revenue Streams,"New York, NY",2128,1932,5689,0,Today's #WatsonWeekly podcast: Upcoming #Shopify API enhancements bring potential &amp; pain; #Walmart goes all in on #microfulfillment w/ acquisition; #TikTok hires to build global #fulfillment network for creators; #Amazon cost-cutting gives preview of '23: https://t.co/fiPwsRZajo https://t.co/GdHH8rtYFi,"['WatsonWeekly', 'Shopify', 'Walmart', 'microfulfillment', 'TikTok', 'fulfillment', 'Amazon']"
79,nanaBee_O1,"https://t.co/qZ2Al9Pjv7

https://t.co/bvhJWq5ZQo

https://t.co/1InFhA6TtI","Arkansas, USA",1823,291,2146,7,"#JaxonTruitt and #AdrianaTruitt are missing from #Hampton #Virginia since 10/16/22 when they were taken from the #Walmart by their Non Custodial Father #TimothyTruitt. 

Hampton Police Division
757-727-6111
Crime Line
888-LOCK-UP

Please #Help and #Share 
#missingchildren #BOLO https://t.co/vKZ22tiyP4","['JaxonTruitt', 'AdrianaTruitt', 'Hampton', 'Virginia', 'Walmart']"
80,CB81795993,,,155,97,49250,13,"#Video capturing brutal assaults taking place like this one in a #Walmart are becoming a daily occurrence.

#Lawlessness has exponentially exploded &amp; will only get worse till progressives quit enacting soft on #crime policies &amp; stop demonizing #LawEnforcement.

#DefundThePolice https://t.co/KQGwRszQ5s","['Video', 'Walmart', 'Lawlessness']"
81,lisahawkfan,"Momma, Basset Hound Idol..Advocate for the missing and  Childhood Cancer  üéó Gardening.üå∏üèµüå∫ Natureüèû Photography üì∏  ‚ù§üíôSanibelüíõüíú",,1787,1009,11100,10,"üö®üö®PLEASE SHARE!!üö®üö®

#IsabellaNail is #MISSING. She is a freshman at #LeesvilleHS, and was last seen at #Walmart in the #BrierCreek community.

If you have ANY info, please call #RaleighPD at 919-831-6311. 

#SeeSomethingSaySomething 
#BREAKING 
#RaleighNC 
#NorthCarolina https://t.co/WxVGTZQ2ig","['IsabellaNail', 'MISSING', 'LeesvilleHS', 'Walmart']"
82,usejasiri,"Crypto-economic primitive lowering the cost of micropayments & unlocking dead capital. On @Algorand , supported by @AlgoFoundation .",Algorand,15,288,82,1,"We are considering priority support for #Flipkart #India , #Tokopedia #Indonesia , #Walmart #US  on our #dApp, and any other store that you would like us to support. For us to consider support for your favourite store, kindly fill the form: https://t.co/uaIA53Il3S #ALGO","['Flipkart', 'India', 'Tokopedia', 'Indonesia', 'Walmart', 'US', 'dApp', 'ALGO']"
83,tekc0mndr,"biz owner,evil computer scientist, pipe and cigar smoker and junkfoodjunkie.. English Ales Irish whiskey, tobacco are my life. And oh yeah COFFEE is essential","Colorado, USA",174,417,13884,10,"üö®üö®PLEASE SHARE!!üö®üö®

#IsabellaNail is #MISSING. She is a freshman at #LeesvilleHS, and was last seen at #Walmart in the #BrierCreek community.

If you have ANY info, please call #RaleighPD at 919-831-6311. 

#SeeSomethingSaySomething 
#BREAKING 
#RaleighNC 
#NorthCarolina https://t.co/WxVGTZQ2ig","['IsabellaNail', 'MISSING', 'LeesvilleHS', 'Walmart']"
84,AwarenessTCS,The willing & able can make a difference. üíô‚ô•Ô∏èüß°üíõ Non Profit 501c3 üíô‚ù§Ô∏èüß°üíõ https://t.co/NFeDqpbOPR,,12,382,268,7,"#JaxonTruitt and #AdrianaTruitt are missing from #Hampton #Virginia since 10/16/22 when they were taken from the #Walmart by their Non Custodial Father #TimothyTruitt. 

Hampton Police Division
757-727-6111
Crime Line
888-LOCK-UP

Please #Help and #Share 
#missingchildren #BOLO https://t.co/vKZ22tiyP4","['JaxonTruitt', 'AdrianaTruitt', 'Hampton', 'Virginia', 'Walmart', 'TimothyTruitt', 'Help', 'Share', 'missingchildren', 'BOLO']"
85,DebraBuenik,,,2133,2228,460671,13,"#Video capturing brutal assaults taking place like this one in a #Walmart are becoming a daily occurrence.

#Lawlessness has exponentially exploded &amp; will only get worse till progressives quit enacting soft on #crime policies &amp; stop demonizing #LawEnforcement.

#DefundThePolice https://t.co/KQGwRszQ5s","['Video', 'Walmart', 'Lawlessness']"
86,Raylor582Taylor,‚ÄúEngagement specialist with 5 yrs experience. Scrabble enthusiast. Empowering communities through storytelling via social media platforms.‚Äù,,1089,356,187,0,"Get Walmart gift card by following steps, 
1. Like this post. 2. Share with your friends, colleagues and others you know 3. Go to, https://t.co/zJZvn9S9FF 
#walmart #target #amazon #walmartfinds #couponcommunity #walmartdeals #deals #walmartclearance #couponing #clearance #coupon https://t.co/sCUJZKut9n","['walmart', 'target', 'amazon', 'walmartfinds', 'couponcommunity', 'walmartdeals', 'deals', 'walmartclearance', 'couponing', 'clearance', 'coupon']"
87,this_is_nuts_,üá∫üá∏ The Lunatics Have Taken Over the Asylum üá∫üá∏ #IFBAP,USA,881,325,7502,13,"#Video capturing brutal assaults taking place like this one in a #Walmart are becoming a daily occurrence.

#Lawlessness has exponentially exploded &amp; will only get worse till progressives quit enacting soft on #crime policies &amp; stop demonizing #LawEnforcement.

#DefundThePolice https://t.co/KQGwRszQ5s","['Video', 'Walmart', 'Lawlessness']"
88,cateyes651,"I‚Äôm a tie-dye-wearing, peace-sign-flashing, save-the-whales, tree-hugging liberal hippie. And I have a potty mouth. #BlackLivesMatter #NerdBirdMafia","Virginia, USA",519,180,3035,10,"üö®üö®PLEASE SHARE!!üö®üö®

#IsabellaNail is #MISSING. She is a freshman at #LeesvilleHS, and was last seen at #Walmart in the #BrierCreek community.

If you have ANY info, please call #RaleighPD at 919-831-6311. 

#SeeSomethingSaySomething 
#BREAKING 
#RaleighNC 
#NorthCarolina https://t.co/WxVGTZQ2ig","['IsabellaNail', 'MISSING', 'LeesvilleHS', 'Walmart']"
89,Skinnyskins1,,"New York, NY",634,158,5061,13,"#Video capturing brutal assaults taking place like this one in a #Walmart are becoming a daily occurrence.

#Lawlessness has exponentially exploded &amp; will only get worse till progressives quit enacting soft on #crime policies &amp; stop demonizing #LawEnforcement.

#DefundThePolice https://t.co/KQGwRszQ5s","['Video', 'Walmart', 'Lawlessness']"
90,stuarwebb2,Love music watching trucking videos and finding missing and I want Justice for Gabby and The Delhi Daughters Libby and Abby missing persons advocate,"Lake Lorraine, FL",675,776,42981,10,"üö®üö®PLEASE SHARE!!üö®üö®

#IsabellaNail is #MISSING. She is a freshman at #LeesvilleHS, and was last seen at #Walmart in the #BrierCreek community.

If you have ANY info, please call #RaleighPD at 919-831-6311. 

#SeeSomethingSaySomething 
#BREAKING 
#RaleighNC 
#NorthCarolina https://t.co/WxVGTZQ2ig","['IsabellaNail', 'MISSING', 'LeesvilleHS', 'Walmart']"
91,NatPoliceAssoc,The National Police Association (NPA) is a 501(c)3 Alliance/Advocacy non-profit in the IRS Educational Organizations category. Donations are tax deductible.,"Indianapolis, IN",39655,101706,24143,13,"#Video capturing brutal assaults taking place like this one in a #Walmart are becoming a daily occurrence.

#Lawlessness has exponentially exploded &amp; will only get worse till progressives quit enacting soft on #crime policies &amp; stop demonizing #LawEnforcement.

#DefundThePolice https://t.co/KQGwRszQ5s","['Video', 'Walmart', 'Lawlessness']"
92,ChrisTheDaiy,"üé®Computer Artist, I post daily: Since 9-13-21 I've stood by the Petito/Schmidt family of #GabbyPetito and I will always honor her and her legacy‚ù§","North Myrtle Beach, SC",1052,2145,9406,10,"üö®üö®PLEASE SHARE!!üö®üö®

#IsabellaNail is #MISSING. She is a freshman at #LeesvilleHS, and was last seen at #Walmart in the #BrierCreek community.

If you have ANY info, please call #RaleighPD at 919-831-6311. 

#SeeSomethingSaySomething 
#BREAKING 
#RaleighNC 
#NorthCarolina https://t.co/WxVGTZQ2ig","['IsabellaNail', 'MISSING', 'LeesvilleHS', 'Walmart']"
93,EditedbyJamie,#journalist. National real-time team editor for @mcclatchy. formerly @bellevillenewsd. jforsythe1@mcclatchy.com,"Springfield, MO",461,730,18565,0,"Workers and customers of the #Nebraska #Walmart were evacuated, officials said. Now a man has been sentenced to prison. #Texas 
https://t.co/ARSZ6UVuIW","['Nebraska', 'Walmart', 'Texas']"
94,Hart7405,,,604,364,10002,10,"üö®üö®PLEASE SHARE!!üö®üö®

#IsabellaNail is #MISSING. She is a freshman at #LeesvilleHS, and was last seen at #Walmart in the #BrierCreek community.

If you have ANY info, please call #RaleighPD at 919-831-6311. 

#SeeSomethingSaySomething 
#BREAKING 
#RaleighNC 
#NorthCarolina https://t.co/WxVGTZQ2ig","['IsabellaNail', 'MISSING', 'LeesvilleHS', 'Walmart']"
95,BBM1208,Married Mom of 2 #HailState üê∂üêæStay in your lane.,"Mississippi, USA",222,78,6290,10,"üö®üö®PLEASE SHARE!!üö®üö®

#IsabellaNail is #MISSING. She is a freshman at #LeesvilleHS, and was last seen at #Walmart in the #BrierCreek community.

If you have ANY info, please call #RaleighPD at 919-831-6311. 

#SeeSomethingSaySomething 
#BREAKING 
#RaleighNC 
#NorthCarolina https://t.co/WxVGTZQ2ig","['IsabellaNail', 'MISSING', 'LeesvilleHS', 'Walmart']"
96,hummingbirdess,"Handmade soaps, lotions bath & skincare. Please DM me if interested. A mom & Grandma. Always discovering life. Here for the missing. #nerdbirdmafia since Gabby","Georgia, USA",315,584,26202,10,"üö®üö®PLEASE SHARE!!üö®üö®

#IsabellaNail is #MISSING. She is a freshman at #LeesvilleHS, and was last seen at #Walmart in the #BrierCreek community.

If you have ANY info, please call #RaleighPD at 919-831-6311. 

#SeeSomethingSaySomething 
#BREAKING 
#RaleighNC 
#NorthCarolina https://t.co/WxVGTZQ2ig","['IsabellaNail', 'MISSING', 'LeesvilleHS', 'Walmart']"
97,jesssicadavisss,be a kind human‚úåüèº#TheRightReasons #nerdbirdmafia @snoopymisfits #ProtectYourPeace **Link to check your voter registration status below!,,572,795,6741,10,"üö®üö®PLEASE SHARE!!üö®üö®

#IsabellaNail is #MISSING. She is a freshman at #LeesvilleHS, and was last seen at #Walmart in the #BrierCreek community.

If you have ANY info, please call #RaleighPD at 919-831-6311. 

#SeeSomethingSaySomething 
#BREAKING 
#RaleighNC 
#NorthCarolina https://t.co/WxVGTZQ2ig","['IsabellaNail', 'MISSING', 'LeesvilleHS', 'Walmart', 'BrierCreek', 'RaleighPD', 'SeeSomethingSaySomething', 'BREAKING', 'RaleighNC', 'NorthCarolina']"
98,slr8,"Cat mom, animal lover, foodie and 80's music fanatic.  Is it wine o'clock yet?","Tampa, FL",5001,764,177051,147,"When it comes to self care, Rida has found the key to a perfect routine (hint hint, you use @SoapandGlory from @Walmart ) #soapandglory #ad #Walmart #FlakeAwayAtWalmart 
https://t.co/uU0p1mFHgR https://t.co/iaYPcN5nhE",[]
99,slr8,"Cat mom, animal lover, foodie and 80's music fanatic.  Is it wine o'clock yet?","Tampa, FL",5001,764,177051,139,"With fall right around the corner, it's time to prep your skin with @SoapandGlory at @Walmart #walmart #ad #soapandglory #FlakeAwayAtWalmart 
https://t.co/gPPw58ZG5C https://t.co/GfKfyViZ18","['walmart', 'ad', 'soapandglory']"
